CustomerID,InvoiceDate,churn
12346,2010-06-28 13:53:00,1
12349,2010-04-29 13:20:00,0
12355,2010-05-21 11:59:00,1
12358,2010-06-07 12:28:00,0
12359,2010-06-22 10:24:00,0
12360,2010-05-25 09:55:00,0
12361,2010-09-03 15:19:00,1
12368,2010-03-21 15:56:00,1
12369,2010-03-08 08:09:00,0
12370,2010-03-25 12:10:00,1
12371,2010-03-04 18:25:00,0
12373,2010-03-25 13:49:00,1
12374,2010-04-30 14:01:00,0
12377,2010-04-29 15:34:00,0
12378,2010-05-26 14:07:00,1
12379,2010-06-23 12:49:00,0
12380,2010-08-31 14:54:00,1
12388,2010-05-06 12:54:00,0
12389,2010-05-21 15:12:00,0
12391,2010-09-01 12:38:00,1
12392,2010-04-27 14:04:00,1
12395,2010-08-02 12:37:00,0
12396,2010-02-03 13:22:00,1
12399,2010-07-08 09:13:00,0
12402,2010-07-06 12:15:00,0
12403,2010-07-06 11:39:00,1
12406,2010-04-22 18:41:00,0
12408,2010-07-29 13:27:00,0
12409,2010-05-23 15:21:00,0
12410,2010-07-25 13:26:00,1
12412,2010-08-09 14:26:00,0
12414,2010-09-02 12:22:00,1
12415,2010-07-16 14:47:00,0
12416,2010-02-21 10:19:00,1
12417,2010-07-21 12:31:00,0
12418,2010-05-12 13:11:00,0
12421,2010-07-22 13:57:00,0
12422,2010-07-02 09:27:00,0
12423,2010-08-31 09:31:00,0
12424,2010-06-09 15:15:00,0
12426,2010-02-15 08:41:00,1
12429,2010-06-11 13:29:00,0
12431,2010-09-02 18:04:00,0
12433,2010-08-20 09:23:00,0
12435,2010-08-19 16:53:00,0
12437,2010-09-07 11:40:00,0
12439,2010-01-26 12:11:00,1
12440,2010-09-03 13:11:00,1
12443,2009-12-07 15:42:00,1
12450,2010-08-22 13:11:00,0
12451,2010-09-02 15:38:00,1
12455,2010-05-11 15:03:00,0
12458,2010-08-09 10:33:00,0
12459,2010-04-13 14:53:00,1
12460,2010-09-09 13:51:00,1
12468,2010-07-01 10:28:00,1
12469,2010-07-05 12:40:00,1
12470,2010-01-19 11:01:00,1
12471,2010-09-08 11:54:00,0
12472,2010-08-24 09:44:00,0
12474,2010-08-18 14:37:00,0
12476,2010-07-26 09:04:00,0
12477,2010-07-02 08:26:00,0
12480,2010-07-20 13:21:00,0
12481,2010-04-11 13:10:00,0
12482,2010-04-18 12:44:00,1
12483,2010-06-09 09:15:00,0
12484,2010-08-13 13:45:00,1
12485,2010-06-28 15:22:00,1
12490,2010-09-06 11:21:00,0
12494,2010-05-12 13:52:00,0
12495,2010-03-09 10:53:00,1
12496,2010-03-29 14:06:00,1
12499,2010-05-28 15:12:00,1
12500,2010-07-05 14:47:00,0
12504,2010-04-22 10:24:00,0
12507,2010-05-04 09:23:00,1
12510,2010-09-06 14:27:00,1
12514,2010-03-08 12:18:00,1
12516,2010-04-19 14:14:00,0
12519,2010-08-20 08:21:00,1
12523,2010-07-25 10:50:00,0
12524,2010-08-04 14:20:00,0
12525,2010-07-29 16:08:00,1
12527,2010-06-28 15:37:00,1
12529,2010-06-29 13:10:00,1
12530,2010-08-16 08:57:00,0
12531,2010-01-22 14:17:00,1
12533,2010-03-22 10:56:00,1
12539,2009-12-23 13:41:00,0
12540,2010-08-31 13:57:00,0
12542,2010-08-12 19:12:00,1
12547,2010-07-27 13:55:00,1
12549,2010-05-13 12:05:00,1
12567,2010-08-09 08:26:00,0
12568,2010-03-05 09:15:00,1
12573,2010-08-31 17:25:00,0
12575,2010-09-08 13:09:00,1
12576,2010-09-07 13:42:00,0
12577,2009-12-03 19:31:00,0
12580,2010-05-12 11:45:00,1
12582,2010-05-11 09:55:00,0
12583,2010-08-15 12:40:00,0
12586,2009-12-16 13:15:00,0
12588,2010-04-21 12:22:00,0
12589,2010-09-02 09:14:00,0
12592,2010-07-08 14:26:00,1
12594,2010-09-08 11:29:00,0
12595,2010-07-23 09:10:00,1
12598,2010-09-02 14:22:00,1
12599,2010-08-25 14:34:00,0
12600,2010-08-11 10:53:00,0
12605,2010-09-07 14:21:00,0
12609,2010-07-29 12:03:00,0
12613,2010-08-17 14:36:00,0
12615,2010-07-23 14:16:00,0
12619,2010-05-28 12:52:00,1
12621,2010-08-26 12:09:00,0
12623,2010-08-31 12:52:00,0
12625,2010-07-18 15:56:00,1
12631,2010-09-09 14:50:00,1
12632,2010-07-07 09:39:00,1
12633,2010-08-06 08:57:00,0
12634,2010-06-09 15:41:00,1
12635,2010-09-09 10:50:00,0
12637,2010-07-27 15:32:00,0
12638,2010-03-10 10:30:00,1
12639,2010-03-22 09:05:00,0
12644,2010-02-07 14:27:00,0
12645,2010-09-01 09:26:00,0
12647,2010-09-05 11:58:00,0
12648,2010-03-09 09:55:00,0
12649,2010-05-05 10:39:00,0
12651,2010-08-31 15:21:00,0
12653,2010-07-01 09:56:00,1
12656,2010-07-28 13:05:00,0
12662,2010-08-11 08:50:00,0
12663,2010-03-25 09:40:00,1
12664,2009-12-13 10:28:00,1
12665,2010-02-08 15:11:00,0
12668,2010-05-21 09:06:00,0
12670,2010-02-11 10:13:00,0
12671,2010-04-12 16:30:00,1
12672,2010-04-23 09:57:00,1
12675,2010-05-10 16:44:00,1
12676,2010-08-13 13:31:00,0
12677,2010-06-02 14:30:00,1
12678,2010-08-23 12:12:00,0
12681,2010-09-09 14:48:00,0
12682,2010-09-09 12:19:00,0
12683,2010-09-09 17:37:00,0
12687,2010-08-16 12:12:00,1
12692,2010-03-12 14:02:00,1
12693,2010-07-05 13:56:00,0
12695,2010-06-29 16:12:00,1
12696,2010-07-19 10:02:00,0
12698,2010-04-28 15:51:00,1
12701,2010-06-28 13:44:00,1
12703,2010-03-16 13:22:00,1
12705,2010-06-24 09:51:00,0
12708,2010-09-09 18:14:00,0
12709,2010-07-16 15:26:00,0
12711,2010-04-07 11:59:00,1
12712,2010-08-06 11:31:00,0
12714,2010-09-09 10:37:00,0
12717,2010-04-28 14:34:00,1
12720,2010-08-25 13:28:00,0
12721,2010-08-25 11:07:00,0
12724,2010-07-22 13:22:00,0
12725,2010-05-04 13:59:00,0
12726,2010-06-10 16:35:00,0
12727,2010-06-10 09:40:00,0
12730,2010-07-06 12:19:00,1
12731,2010-07-28 09:28:00,0
12733,2010-07-30 16:50:00,0
12741,2010-06-24 16:24:00,1
12742,2010-03-24 12:43:00,1
12744,2010-09-06 10:24:00,1
12745,2010-08-10 10:14:00,1
12746,2010-06-17 10:41:00,1
12747,2010-08-27 14:33:00,0
12748,2010-09-09 17:16:00,0
12749,2010-07-06 15:05:00,0
12755,2010-07-23 09:30:00,0
12758,2010-09-06 13:02:00,1
12759,2010-07-07 11:53:00,0
12761,2010-09-01 10:47:00,1
12765,2010-08-24 13:51:00,1
12770,2010-09-09 11:43:00,1
12771,2010-08-11 11:51:00,1
12773,2010-05-24 17:30:00,1
12774,2010-06-22 10:38:00,1
12776,2010-02-10 12:11:00,1
12777,2010-09-08 11:35:00,1
12778,2010-04-16 09:57:00,0
12779,2010-09-06 13:14:00,0
12780,2010-04-20 09:40:00,1
12782,2010-07-08 13:31:00,0
12784,2010-06-28 13:06:00,1
12785,2010-06-22 12:16:00,1
12786,2010-04-09 12:12:00,1
12788,2010-09-02 14:21:00,1
12789,2010-07-15 12:43:00,1
12791,2010-04-18 14:00:00,1
12792,2010-06-23 10:49:00,1
12799,2010-06-28 15:57:00,1
12800,2010-08-26 14:11:00,1
12801,2010-07-27 09:38:00,1
12802,2010-08-26 13:23:00,0
12804,2010-08-31 11:58:00,1
12805,2010-08-15 14:13:00,0
12806,2010-05-16 13:49:00,1
12808,2010-09-03 10:24:00,0
12809,2010-05-23 11:08:00,1
12810,2010-06-23 10:53:00,1
12813,2010-07-26 09:50:00,1
12819,2010-09-07 15:20:00,1
12820,2010-07-23 09:51:00,0
12821,2010-04-07 15:14:00,1
12825,2010-07-06 13:56:00,1
12826,2010-08-20 09:01:00,0
12829,2010-06-07 15:04:00,1
12831,2010-09-02 16:00:00,1
12835,2010-08-26 13:09:00,0
12836,2010-08-26 15:27:00,0
12837,2010-05-19 15:10:00,1
12838,2010-09-01 13:06:00,0
12839,2010-08-27 10:40:00,0
12840,2010-06-08 13:23:00,0
12841,2010-09-01 11:49:00,0
12842,2009-12-02 08:15:00,0
12843,2010-08-31 15:51:00,0
12844,2010-04-25 11:51:00,0
12848,2010-02-02 12:45:00,1
12849,2010-04-27 13:44:00,0
12851,2010-08-19 15:13:00,1
12853,2010-07-27 10:51:00,0
12854,2010-05-27 16:54:00,1
12857,2010-08-02 14:03:00,0
12859,2010-09-07 12:20:00,1
12860,2010-01-15 15:22:00,1
12861,2010-03-30 11:39:00,1
12862,2010-08-01 15:20:00,0
12863,2010-07-08 13:59:00,0
12864,2010-07-19 17:22:00,1
12865,2010-08-20 12:20:00,0
12866,2010-08-22 15:48:00,1
12867,2010-07-26 15:17:00,0
12869,2010-01-27 12:10:00,1
12870,2010-08-19 14:49:00,0
12872,2010-07-21 13:57:00,0
12873,2010-01-27 09:50:00,0
12874,2010-06-03 12:51:00,0
12876,2010-04-28 13:26:00,0
12877,2010-08-22 13:07:00,0
12880,2010-05-14 11:57:00,0
12889,2010-08-29 14:48:00,0
12894,2010-05-13 14:47:00,1
12897,2010-06-14 11:58:00,0
12898,2010-02-18 12:36:00,1
12905,2010-05-12 10:05:00,1
12907,2010-08-02 14:33:00,0
12909,2010-05-24 13:16:00,0
12910,2010-08-03 12:47:00,0
12911,2010-06-06 12:13:00,1
12913,2010-03-31 13:40:00,0
12915,2010-08-24 10:45:00,0
12916,2010-04-11 10:30:00,0
12917,2010-07-29 13:13:00,0
12920,2010-05-17 12:57:00,1
12921,2010-09-07 16:23:00,0
12923,2010-05-13 14:55:00,0
12924,2010-05-26 14:28:00,0
12925,2010-04-26 10:32:00,1
12926,2010-03-02 16:33:00,0
12928,2010-07-30 15:05:00,0
12931,2010-06-08 10:30:00,1
12932,2010-06-18 14:22:00,1
12933,2009-12-10 16:39:00,0
12935,2010-07-23 13:29:00,0
12937,2010-09-02 16:01:00,1
12941,2009-12-15 13:12:00,1
12943,2010-05-30 13:52:00,1
12945,2010-02-21 15:18:00,1
12948,2009-12-09 11:46:00,1
12949,2010-09-02 09:04:00,0
12951,2010-07-28 16:37:00,0
12953,2010-07-05 13:37:00,1
12954,2010-03-11 10:16:00,1
12956,2010-01-24 10:33:00,1
12957,2010-06-16 08:55:00,1
12958,2010-05-05 16:22:00,0
12959,2010-08-12 17:20:00,1
12960,2010-08-13 11:33:00,0
12963,2010-09-06 16:16:00,0
12969,2010-04-16 10:50:00,1
12970,2009-12-04 14:19:00,0
12971,2010-08-06 14:16:00,0
12972,2010-05-06 11:44:00,0
12974,2010-05-23 11:45:00,1
12975,2010-07-20 10:20:00,0
12976,2010-08-19 12:18:00,0
12977,2010-07-26 12:34:00,1
12978,2010-03-04 12:11:00,0
12979,2009-12-10 15:45:00,1
12980,2010-06-28 11:50:00,0
12982,2010-07-16 14:08:00,0
12983,2010-04-20 12:58:00,1
12986,2010-09-06 12:43:00,0
12987,2010-04-08 17:45:00,0
12989,2010-07-30 08:56:00,1
12990,2010-07-22 10:18:00,0
12992,2009-12-14 16:46:00,1
12993,2010-03-18 16:28:00,0
12997,2010-08-23 14:58:00,0
12998,2010-08-04 08:05:00,1
13000,2009-12-14 17:03:00,1
13001,2010-09-07 12:30:00,0
13004,2010-09-02 12:35:00,0
13005,2010-09-08 12:52:00,0
13007,2010-05-09 10:38:00,1
13008,2009-12-16 16:07:00,0
13010,2010-03-01 11:28:00,0
13012,2010-07-14 13:40:00,0
13013,2010-07-29 13:55:00,0
13015,2010-07-30 14:00:00,0
13018,2010-05-18 11:50:00,0
13019,2010-05-23 11:19:00,0
13020,2010-05-26 11:12:00,1
13021,2010-07-01 09:59:00,0
13023,2010-06-29 09:52:00,1
13024,2010-08-26 09:42:00,1
13025,2009-12-08 10:02:00,1
13026,2010-04-27 14:07:00,1
13029,2010-07-04 13:46:00,0
13031,2010-08-05 15:01:00,0
13032,2010-09-06 14:46:00,0
13036,2010-01-24 11:35:00,1
13037,2010-09-03 14:22:00,0
13039,2010-05-04 16:45:00,1
13041,2010-07-30 15:47:00,0
13042,2010-04-20 13:43:00,1
13044,2010-08-04 16:27:00,1
13045,2010-08-10 13:02:00,0
13046,2010-09-09 13:09:00,1
13047,2010-08-26 15:42:00,0
13048,2010-07-21 10:42:00,0
13050,2010-09-06 14:10:00,0
13051,2010-05-10 09:14:00,1
13052,2010-06-07 16:06:00,0
13053,2010-03-28 11:28:00,1
13056,2010-06-06 14:10:00,1
13057,2010-06-27 15:44:00,1
13059,2010-08-29 13:48:00,0
13063,2010-08-16 12:27:00,1
13064,2010-06-07 16:28:00,1
13065,2010-08-26 13:26:00,0
13069,2010-09-09 15:14:00,0
13070,2010-09-06 12:37:00,1
13071,2010-04-06 13:37:00,1
13074,2010-07-16 16:53:00,1
13076,2010-09-08 10:27:00,1
13077,2010-09-02 16:47:00,0
13078,2010-09-03 14:28:00,0
13080,2010-05-27 11:52:00,0
13081,2010-08-23 14:12:00,0
13082,2010-08-18 14:05:00,0
13085,2010-01-29 11:42:00,1
13087,2009-12-13 15:16:00,1
13089,2010-09-03 10:13:00,0
13090,2010-08-16 10:17:00,0
13091,2009-12-10 12:44:00,1
13092,2010-09-07 16:45:00,0
13093,2010-09-06 13:26:00,0
13097,2010-08-11 11:43:00,0
13101,2010-07-29 14:45:00,1
13102,2010-08-29 12:05:00,0
13103,2010-05-11 14:41:00,0
13104,2010-06-24 10:02:00,0
13107,2010-06-15 11:46:00,0
13109,2010-06-06 12:59:00,1
13110,2010-06-01 15:45:00,0
13111,2009-12-21 09:00:00,1
13112,2010-06-16 17:03:00,1
13113,2010-08-02 12:55:00,0
13114,2009-12-09 09:56:00,1
13115,2010-07-27 10:21:00,0
13117,2010-08-20 12:00:00,0
13119,2010-02-09 08:38:00,1
13123,2010-08-24 10:18:00,1
13125,2010-07-04 11:58:00,1
13126,2010-07-28 10:55:00,0
13129,2010-06-28 11:54:00,0
13131,2010-06-03 09:30:00,0
13133,2010-09-06 15:30:00,1
13135,2010-08-05 17:28:00,1
13136,2010-08-02 10:37:00,0
13137,2010-09-07 10:19:00,0
13140,2010-08-05 19:05:00,0
13141,2010-06-22 09:05:00,0
13143,2010-05-04 12:22:00,1
13145,2010-07-11 12:07:00,1
13148,2010-07-25 15:52:00,0
13150,2010-08-12 12:59:00,1
13151,2010-03-24 09:31:00,1
13152,2010-06-28 15:19:00,0
13154,2010-07-20 13:17:00,0
13155,2010-08-05 09:30:00,0
13156,2010-02-09 15:27:00,0
13157,2010-08-22 13:47:00,0
13161,2010-07-27 12:44:00,1
13162,2010-08-25 09:37:00,0
13163,2010-04-08 16:21:00,1
13164,2010-05-19 13:52:00,1
13168,2010-06-15 15:00:00,1
13169,2010-05-26 15:58:00,1
13173,2010-05-27 13:15:00,0
13174,2010-05-21 17:19:00,0
13175,2010-05-06 13:13:00,1
13178,2010-08-31 10:47:00,0
13179,2010-03-31 11:40:00,1
13180,2010-04-11 13:37:00,1
13183,2010-08-18 09:30:00,0
13187,2010-03-25 19:06:00,1
13190,2010-06-13 15:47:00,1
13191,2010-02-19 17:02:00,1
13192,2010-06-22 09:52:00,1
13196,2010-08-09 13:28:00,0
13197,2010-04-09 09:14:00,1
13199,2010-08-31 12:05:00,0
13201,2010-07-25 14:30:00,1
13202,2010-06-13 14:52:00,0
13203,2010-08-29 12:07:00,0
13204,2009-12-08 14:56:00,1
13206,2010-08-27 13:05:00,0
13207,2010-04-06 16:37:00,0
13208,2010-06-24 18:06:00,0
13209,2010-07-13 15:50:00,1
13211,2010-07-16 13:17:00,0
13213,2010-07-22 12:26:00,0
13214,2010-08-12 17:01:00,0
13219,2010-03-31 14:18:00,1
13220,2010-05-13 10:35:00,1
13223,2010-02-12 13:27:00,1
13225,2010-08-22 13:22:00,0
13230,2010-08-12 19:20:00,0
13233,2010-01-14 14:10:00,0
13234,2010-02-05 11:41:00,1
13238,2010-04-28 15:02:00,0
13239,2010-08-05 10:38:00,0
13240,2010-04-18 12:07:00,0
13242,2010-08-29 11:23:00,0
13243,2010-03-18 13:10:00,0
13246,2010-07-02 13:36:00,0
13249,2010-03-04 09:53:00,1
13250,2010-09-05 11:33:00,1
13252,2010-03-24 10:30:00,0
13253,2010-01-05 12:13:00,0
13255,2010-07-15 13:20:00,0
13259,2010-05-16 10:29:00,0
13262,2010-04-18 12:14:00,0
13266,2010-07-21 15:07:00,0
13267,2010-07-14 10:16:00,0
13269,2010-07-22 12:16:00,0
13275,2010-03-17 14:05:00,0
13276,2010-07-25 15:38:00,0
13277,2010-08-26 14:02:00,0
13278,2010-08-17 11:30:00,0
13280,2010-03-05 09:07:00,0
13283,2010-05-21 13:56:00,1
13285,2010-04-18 13:38:00,1
13286,2010-04-18 15:35:00,1
13287,2010-04-15 15:26:00,1
13289,2009-12-16 11:53:00,1
13291,2010-08-12 19:37:00,0
13292,2010-08-02 13:39:00,0
13293,2010-06-18 11:31:00,0
13294,2010-03-03 12:54:00,1
13295,2010-05-12 09:13:00,0
13296,2010-08-10 13:50:00,0
13297,2010-06-15 12:35:00,0
13299,2010-06-29 11:30:00,0
13300,2010-05-14 15:56:00,0
13304,2010-06-11 13:55:00,0
13305,2010-09-09 12:14:00,0
13307,2010-04-26 13:28:00,1
13308,2010-04-22 09:22:00,1
13313,2010-08-17 11:45:00,1
13315,2010-01-19 15:34:00,1
13316,2010-08-13 15:07:00,0
13317,2010-08-22 13:09:00,0
13319,2010-08-12 17:52:00,0
13320,2010-08-18 10:29:00,0
13324,2010-08-18 09:32:00,0
13327,2010-09-08 15:28:00,0
13329,2010-07-30 14:44:00,0
13330,2010-05-23 11:02:00,0
13333,2010-09-08 09:23:00,0
13334,2010-06-21 13:52:00,1
13337,2010-06-11 13:27:00,1
13338,2010-06-16 10:23:00,1
13340,2010-07-29 10:00:00,0
13346,2010-09-03 11:41:00,1
13357,2010-08-02 14:02:00,1
13360,2010-08-19 16:15:00,0
13361,2010-08-24 14:56:00,1
13371,2010-07-22 17:33:00,1
13373,2010-03-28 16:17:00,0
13377,2010-03-04 10:06:00,0
13381,2010-08-18 12:47:00,0
13382,2010-03-31 10:40:00,0
13384,2010-09-08 15:06:00,0
13388,2010-04-15 10:18:00,1
13392,2010-01-31 13:34:00,1
13393,2010-05-05 09:34:00,1
13394,2010-07-02 09:47:00,0
13397,2010-05-11 13:42:00,0
13399,2010-09-01 13:59:00,1
13400,2010-05-06 09:00:00,1
13402,2010-07-22 08:24:00,0
13403,2009-12-16 13:23:00,0
13405,2010-08-15 13:28:00,1
13407,2010-04-19 16:48:00,1
13408,2010-09-09 13:53:00,0
13410,2010-01-10 11:59:00,0
13412,2010-03-29 16:28:00,1
13413,2010-03-10 12:17:00,1
13414,2010-09-02 16:55:00,1
13415,2010-03-19 15:09:00,1
13416,2009-12-03 13:02:00,1
13417,2010-06-10 10:05:00,1
13418,2010-08-24 10:48:00,0
13421,2010-08-10 17:02:00,0
13425,2010-07-19 12:56:00,1
13426,2010-09-06 14:05:00,0
13427,2010-08-19 11:45:00,1
13428,2010-07-13 13:33:00,1
13431,2010-06-23 08:35:00,0
13432,2010-05-17 13:18:00,1
13433,2010-07-26 16:55:00,1
13434,2010-09-05 14:13:00,0
13435,2010-07-27 16:56:00,0
13438,2010-06-10 18:46:00,1
13439,2010-07-01 14:36:00,0
13442,2010-02-10 14:03:00,1
13443,2010-06-04 12:50:00,0
13444,2010-07-21 14:34:00,0
13445,2010-03-23 15:34:00,1
13446,2010-08-11 14:20:00,0
13448,2010-05-20 10:56:00,0
13450,2010-09-08 10:43:00,0
13451,2010-07-25 16:06:00,0
13454,2010-03-08 14:40:00,1
13455,2010-04-25 14:31:00,0
13457,2010-01-20 08:48:00,1
13459,2010-03-25 10:24:00,1
13461,2010-07-14 13:34:00,0
13462,2010-03-12 11:44:00,0
13464,2010-08-23 16:12:00,0
13465,2010-05-02 15:30:00,0
13466,2010-07-27 09:45:00,0
13468,2010-09-08 10:06:00,0
13469,2010-02-24 15:03:00,1
13472,2010-09-02 09:41:00,1
13473,2010-05-14 10:47:00,1
13474,2010-08-01 14:40:00,0
13476,2010-08-10 10:29:00,0
13477,2010-06-15 14:33:00,0
13478,2010-08-27 13:23:00,1
13479,2010-08-19 16:19:00,0
13480,2010-01-29 12:35:00,0
13481,2010-07-20 12:08:00,0
13482,2010-03-22 10:31:00,1
13484,2010-03-10 11:46:00,0
13485,2010-07-09 15:11:00,0
13487,2010-07-22 10:41:00,1
13488,2010-08-09 12:24:00,0
13490,2010-02-23 14:48:00,1
13491,2010-08-26 16:43:00,0
13495,2010-03-23 15:01:00,0
13497,2010-07-15 12:24:00,0
13498,2009-12-09 15:26:00,1
13501,2010-08-10 13:01:00,1
13502,2010-06-09 10:52:00,0
13503,2010-08-17 13:17:00,1
13506,2010-09-05 12:33:00,0
13508,2010-03-07 11:58:00,1
13509,2010-07-20 12:10:00,1
13510,2010-06-22 10:51:00,0
13511,2010-02-01 12:10:00,1
13512,2010-08-16 09:15:00,0
13513,2010-02-22 16:36:00,0
13514,2010-05-09 10:38:00,0
13515,2010-03-05 11:58:00,0
13520,2010-08-20 12:53:00,0
13526,2009-12-01 13:13:00,1
13527,2010-07-22 12:17:00,0
13530,2010-03-15 14:10:00,1
13531,2010-07-29 13:43:00,0
13534,2010-08-25 14:35:00,0
13538,2010-02-21 16:09:00,0
13539,2010-06-22 15:28:00,0
13540,2010-08-29 14:20:00,1
13541,2010-05-18 16:15:00,0
13542,2010-08-19 19:50:00,0
13543,2010-03-15 13:34:00,1
13544,2010-06-01 12:30:00,0
13545,2010-06-13 11:49:00,0
13548,2010-08-25 13:44:00,1
13551,2010-02-11 15:01:00,1
13552,2010-07-28 09:41:00,0
13553,2010-02-03 12:21:00,1
13555,2010-06-15 12:41:00,0
13557,2010-07-01 15:33:00,0
13561,2010-08-13 14:50:00,0
13562,2010-06-29 12:50:00,0
13564,2010-09-02 13:36:00,0
13566,2010-07-18 12:20:00,0
13567,2010-08-24 14:26:00,0
13571,2010-09-07 13:52:00,0
13573,2010-03-12 16:06:00,0
13576,2010-08-24 15:14:00,0
13577,2010-06-29 08:28:00,0
13579,2010-02-18 13:53:00,0
13582,2010-04-01 11:38:00,0
13583,2010-01-29 13:53:00,1
13584,2010-07-29 13:36:00,1
13585,2010-06-27 12:33:00,1
13586,2010-06-16 13:47:00,1
13587,2010-02-14 13:17:00,0
13589,2010-06-30 16:51:00,1
13590,2010-07-28 13:36:00,0
13591,2010-05-05 09:55:00,0
13593,2010-08-18 12:34:00,0
13594,2010-08-11 10:23:00,1
13595,2010-07-11 12:36:00,1
13598,2010-08-01 13:21:00,1
13599,2010-05-28 10:17:00,0
13600,2010-03-15 17:16:00,1
13601,2010-06-11 15:03:00,0
13602,2010-05-28 11:49:00,0
13604,2010-02-19 12:02:00,1
13605,2010-05-17 15:46:00,0
13608,2010-06-17 12:28:00,1
13609,2010-04-25 13:26:00,1
13610,2010-07-14 14:42:00,0
13611,2010-08-23 14:52:00,0
13612,2010-03-17 12:14:00,1
13613,2010-03-23 15:52:00,0
13614,2010-06-06 13:42:00,0
13615,2010-07-21 14:41:00,0
13616,2010-05-20 12:59:00,1
13617,2010-09-05 15:47:00,0
13619,2010-06-13 11:39:00,1
13620,2010-06-29 15:02:00,1
13622,2010-01-12 13:22:00,1
13623,2010-06-07 12:59:00,0
13625,2010-04-22 10:50:00,1
13627,2010-08-08 14:32:00,1
13628,2010-02-01 14:44:00,1
13632,2010-05-12 15:02:00,0
13634,2010-06-20 13:28:00,0
13635,2009-12-15 12:13:00,0
13640,2010-04-07 15:33:00,1
13641,2010-03-09 07:37:00,1
13643,2010-08-11 12:11:00,0
13647,2010-08-02 10:29:00,1
13648,2010-08-26 10:28:00,0
13649,2010-08-20 12:18:00,0
13650,2010-07-01 12:25:00,0
13652,2010-02-25 17:37:00,0
13653,2010-08-09 08:19:00,1
13654,2010-08-25 11:34:00,0
13655,2010-04-29 10:38:00,0
13656,2010-07-28 10:48:00,1
13658,2010-08-04 13:47:00,0
13659,2010-08-04 13:09:00,0
13661,2010-04-15 14:58:00,1
13662,2010-06-24 09:58:00,0
13663,2010-03-03 10:11:00,0
13665,2010-07-23 13:29:00,0
13666,2009-12-04 10:48:00,0
13668,2010-08-18 15:19:00,0
13672,2009-12-09 11:40:00,1
13676,2010-06-18 17:30:00,1
13677,2010-07-07 17:26:00,0
13679,2010-08-03 12:13:00,1
13680,2010-08-25 13:05:00,1
13683,2010-09-08 10:00:00,1
13684,2010-05-26 13:23:00,0
13688,2010-03-14 14:11:00,1
13693,2010-08-22 13:12:00,0
13694,2010-09-07 10:54:00,0
13695,2010-05-11 11:07:00,1
13696,2010-04-27 11:53:00,1
13698,2010-04-22 11:52:00,1
13699,2010-06-07 13:03:00,1
13700,2010-02-09 16:01:00,0
13705,2010-07-19 11:42:00,0
13706,2010-03-23 09:18:00,1
13707,2010-06-21 11:57:00,0
13709,2010-06-10 08:47:00,0
13710,2010-04-06 12:54:00,0
13711,2010-05-10 12:31:00,0
13712,2010-04-08 11:16:00,1
13713,2010-08-25 16:11:00,0
13714,2010-08-31 13:57:00,1
13715,2010-08-31 14:50:00,0
13717,2010-09-08 16:17:00,1
13719,2010-08-18 13:51:00,0
13722,2010-07-27 10:51:00,0
13723,2010-05-28 11:53:00,0
13724,2010-03-12 15:28:00,1
13727,2010-04-07 12:14:00,1
13728,2010-09-08 12:38:00,0
13729,2010-01-24 14:57:00,0
13733,2009-12-04 15:28:00,0
13734,2010-07-19 12:04:00,1
13735,2010-07-01 12:12:00,0
13736,2010-09-06 14:40:00,0
13739,2010-06-30 10:25:00,1
13740,2010-07-22 12:25:00,0
13745,2010-06-11 17:19:00,1
13748,2009-12-01 16:44:00,0
13750,2010-06-13 11:20:00,0
13752,2010-06-30 10:23:00,1
13753,2010-04-20 14:08:00,1
13756,2010-06-30 12:47:00,0
13757,2010-02-03 12:37:00,1
13758,2010-04-29 09:11:00,0
13760,2010-06-22 13:19:00,0
13761,2010-07-25 12:50:00,1
13762,2010-02-28 11:54:00,1
13764,2010-05-19 15:47:00,1
13765,2010-02-24 13:46:00,1
13766,2010-08-01 14:25:00,1
13767,2010-08-24 11:37:00,0
13768,2009-12-13 10:41:00,1
13769,2010-09-06 15:31:00,0
13770,2009-12-09 14:44:00,0
13771,2010-06-24 13:42:00,1
13772,2010-07-15 13:15:00,0
13773,2010-02-18 10:27:00,0
13775,2010-04-28 12:15:00,1
13777,2010-08-25 15:15:00,0
13778,2010-08-05 14:52:00,1
13779,2010-07-12 11:24:00,1
13781,2010-04-26 14:30:00,1
13782,2010-08-08 10:31:00,0
13785,2010-09-06 10:37:00,0
13786,2010-04-29 15:02:00,0
13787,2010-09-07 11:55:00,1
13788,2010-07-22 15:50:00,1
13793,2010-03-03 08:25:00,1
13794,2010-06-11 12:30:00,1
13795,2010-07-21 11:39:00,0
13796,2010-07-28 14:45:00,1
13797,2010-05-20 12:53:00,0
13798,2010-09-05 11:59:00,0
13799,2010-08-25 10:08:00,0
13800,2009-12-03 10:03:00,0
13802,2010-08-26 13:00:00,0
13803,2010-03-31 10:00:00,0
13807,2010-05-14 14:53:00,0
13809,2010-09-05 11:42:00,0
13813,2010-06-30 08:50:00,1
13814,2010-06-30 14:12:00,1
13815,2010-09-01 11:23:00,0
13819,2010-02-08 15:30:00,1
13820,2010-03-03 11:57:00,0
13821,2010-01-15 12:28:00,0
13823,2010-08-09 11:00:00,0
13824,2010-09-05 12:01:00,0
13825,2010-03-28 11:02:00,1
13830,2010-05-07 12:24:00,1
13831,2010-07-20 10:53:00,0
13834,2010-05-12 10:27:00,1
13835,2010-07-08 11:50:00,1
13838,2010-05-09 11:40:00,0
13839,2010-08-10 13:52:00,1
13842,2010-09-06 11:49:00,0
13847,2009-12-20 10:41:00,1
13849,2010-03-25 12:03:00,0
13852,2010-04-08 09:06:00,1
13854,2010-06-16 11:45:00,0
13855,2010-07-27 09:53:00,1
13856,2010-09-02 18:24:00,1
13857,2010-08-08 12:16:00,0
13859,2010-06-28 15:36:00,1
13861,2010-06-27 11:37:00,0
13863,2010-08-31 12:57:00,1
13869,2010-08-01 11:22:00,0
13870,2010-08-24 09:12:00,0
13871,2010-06-08 13:02:00,0
13872,2010-06-30 15:35:00,1
13873,2010-05-14 12:17:00,0
13874,2010-07-23 12:59:00,1
13875,2010-09-09 19:36:00,0
13877,2010-08-26 17:19:00,1
13878,2010-06-10 10:15:00,1
13879,2010-03-04 10:49:00,1
13880,2010-08-10 15:31:00,0
13881,2010-08-11 08:52:00,0
13883,2010-05-26 10:48:00,0
13884,2010-08-26 19:57:00,0
13888,2010-08-02 11:33:00,0
13889,2010-08-26 14:45:00,0
13890,2010-05-07 12:56:00,0
13891,2010-05-06 16:02:00,0
13892,2010-05-13 10:32:00,1
13895,2010-07-12 10:46:00,1
13896,2010-03-24 08:55:00,1
13897,2010-01-31 13:48:00,0
13900,2010-07-23 14:38:00,0
13901,2010-08-12 12:50:00,0
13902,2009-12-15 10:02:00,1
13905,2009-12-07 11:41:00,1
13907,2010-01-17 12:22:00,1
13909,2010-07-06 16:52:00,0
13911,2010-08-20 15:03:00,0
13913,2010-07-21 10:11:00,1
13916,2010-09-02 10:04:00,1
13919,2010-06-17 09:30:00,0
13920,2010-08-06 12:13:00,0
13921,2010-06-17 11:40:00,0
13922,2010-08-29 14:36:00,0
13929,2010-08-06 14:09:00,0
13931,2010-09-08 12:33:00,0
13935,2010-04-22 11:21:00,1
13939,2010-06-29 10:38:00,0
13941,2010-06-13 12:15:00,0
13943,2010-05-11 11:30:00,1
13944,2010-02-24 15:02:00,1
13945,2010-08-17 09:59:00,0
13946,2010-03-15 11:00:00,0
13948,2010-03-01 12:16:00,0
13952,2010-07-21 10:09:00,0
13957,2010-05-16 14:50:00,0
13958,2010-07-16 13:55:00,0
13959,2010-07-16 15:11:00,0
13963,2010-08-31 13:42:00,0
13965,2010-08-20 10:40:00,1
13969,2010-09-09 20:00:00,0
13971,2010-08-19 16:05:00,0
13974,2010-05-06 17:55:00,1
13975,2010-06-07 17:15:00,0
13976,2010-07-21 09:27:00,1
13979,2010-05-12 13:52:00,0
13980,2010-08-09 11:10:00,0
13982,2010-07-28 11:54:00,0
13983,2010-09-06 17:13:00,0
13984,2010-08-03 13:07:00,0
13985,2010-05-26 13:46:00,0
13988,2010-03-24 11:05:00,0
13989,2010-09-01 13:58:00,1
13992,2010-09-02 17:04:00,0
13993,2010-08-23 10:12:00,0
13995,2010-08-29 10:16:00,0
13997,2010-07-08 17:51:00,1
13998,2010-07-16 15:50:00,0
13999,2010-08-23 12:27:00,0
14000,2010-07-26 10:42:00,0
14001,2010-08-27 09:35:00,0
14003,2009-12-07 08:53:00,1
14006,2010-06-29 12:43:00,1
14007,2010-07-15 09:06:00,1
14009,2010-09-03 12:08:00,1
14010,2010-05-23 13:00:00,1
14011,2010-08-16 15:31:00,1
14013,2010-03-26 10:02:00,0
14014,2010-05-12 09:04:00,0
14016,2010-08-22 10:33:00,0
14017,2010-05-17 14:52:00,1
14018,2010-03-04 14:23:00,1
14020,2010-08-20 13:09:00,1
14021,2010-06-16 15:51:00,0
14022,2010-08-10 09:38:00,1
14025,2010-09-01 10:11:00,1
14026,2010-08-26 10:31:00,1
14030,2010-04-23 11:36:00,0
14031,2010-08-26 18:32:00,0
14032,2010-08-31 10:47:00,0
14035,2010-05-19 11:10:00,0
14037,2010-08-18 12:52:00,1
14038,2010-02-04 08:56:00,0
14039,2010-05-13 10:15:00,1
14040,2010-08-31 16:21:00,0
14042,2009-12-14 15:07:00,1
14043,2010-08-05 18:18:00,1
14044,2010-08-10 14:27:00,0
14047,2010-08-17 14:10:00,0
14049,2010-08-05 13:31:00,0
14051,2010-08-15 13:23:00,0
14053,2010-08-10 11:02:00,0
14055,2010-05-11 10:24:00,1
14057,2010-08-18 11:16:00,0
14058,2010-09-03 09:31:00,1
14060,2010-09-07 13:36:00,0
14061,2009-12-15 17:56:00,1
14062,2010-08-27 12:50:00,0
14063,2010-01-22 11:28:00,1
14064,2010-09-09 12:22:00,0
14068,2010-04-15 14:28:00,1
14069,2010-07-13 12:12:00,1
14070,2010-01-24 12:27:00,1
14072,2010-02-11 12:31:00,1
14074,2010-03-26 13:55:00,1
14075,2010-08-26 13:42:00,0
14078,2010-08-22 10:57:00,0
14080,2010-03-21 11:32:00,0
14081,2010-04-20 17:25:00,0
14083,2009-12-18 11:34:00,0
14084,2010-07-15 14:36:00,1
14085,2010-08-26 12:38:00,0
14087,2009-12-04 15:27:00,0
14092,2010-09-02 11:45:00,0
14095,2009-12-17 12:49:00,1
14097,2010-08-15 14:20:00,1
14099,2010-07-22 15:33:00,0
14101,2010-08-26 13:55:00,1
14104,2010-06-09 14:09:00,0
14105,2010-04-08 13:32:00,0
14107,2010-07-15 11:47:00,0
14108,2009-12-08 15:25:00,1
14110,2010-08-27 10:43:00,0
14112,2010-08-19 13:06:00,0
14113,2010-05-27 11:22:00,0
14114,2010-06-14 10:33:00,0
14115,2010-07-26 12:36:00,1
14119,2009-12-21 14:52:00,0
14122,2009-12-11 10:37:00,0
14123,2009-12-06 15:35:00,1
14128,2010-06-06 14:05:00,1
14129,2010-08-05 10:18:00,0
14130,2009-12-11 16:33:00,0
14131,2010-03-01 11:59:00,1
14133,2009-12-06 12:10:00,1
14134,2010-07-01 15:29:00,0
14135,2010-09-08 12:42:00,0
14136,2010-06-03 09:06:00,0
14137,2010-01-13 12:30:00,1
14139,2010-08-06 14:00:00,1
14142,2010-03-03 15:13:00,0
14144,2010-08-10 15:17:00,1
14146,2010-03-16 11:54:00,0
14147,2010-05-10 10:53:00,0
14151,2010-02-04 15:35:00,1
14152,2010-08-02 11:46:00,0
14153,2010-08-13 14:35:00,1
14154,2010-07-01 17:54:00,0
14156,2010-09-06 15:55:00,0
14157,2010-03-03 16:49:00,0
14159,2010-07-12 11:59:00,0
14160,2010-04-08 14:30:00,1
14161,2010-08-08 12:11:00,0
14163,2010-09-03 17:15:00,1
14166,2010-07-22 19:42:00,1
14167,2010-09-01 17:15:00,1
14168,2010-05-24 12:28:00,0
14171,2009-12-09 13:50:00,1
14172,2010-04-13 13:26:00,1
14173,2010-03-08 13:24:00,1
14175,2010-09-01 12:45:00,0
14177,2010-04-28 12:34:00,0
14180,2010-09-02 17:28:00,0
14181,2010-05-26 12:32:00,0
14182,2010-08-04 10:36:00,0
14183,2010-08-15 15:36:00,0
14186,2010-07-06 14:38:00,0
14187,2010-08-23 12:06:00,1
14194,2010-09-05 15:27:00,0
14198,2010-08-19 10:07:00,0
14199,2010-06-27 12:13:00,0
14200,2010-04-01 13:01:00,1
14201,2010-05-18 12:59:00,0
14202,2010-06-01 11:40:00,0
14204,2010-06-21 16:04:00,0
14205,2010-07-18 11:48:00,0
14207,2010-01-21 09:33:00,1
14208,2010-06-06 13:11:00,1
14209,2010-08-06 09:52:00,0
14210,2010-08-26 09:53:00,0
14211,2010-07-30 09:42:00,0
14215,2010-08-26 09:31:00,0
14217,2010-08-05 13:54:00,0
14219,2010-08-03 14:42:00,0
14220,2010-05-21 13:29:00,1
14221,2010-08-26 14:45:00,0
14224,2010-08-12 12:20:00,0
14225,2010-08-04 09:39:00,0
14227,2010-06-01 12:44:00,0
14228,2010-07-06 10:07:00,0
14229,2010-08-25 11:47:00,0
14230,2010-06-09 13:56:00,0
14233,2010-08-31 15:03:00,1
14235,2010-07-29 17:24:00,1
14236,2010-08-26 10:40:00,0
14237,2010-04-28 10:04:00,0
14238,2010-02-15 11:39:00,1
14239,2010-08-13 09:44:00,0
14243,2010-08-20 13:41:00,0
14244,2010-02-17 11:40:00,1
14247,2010-07-04 13:33:00,0
14248,2010-09-06 14:04:00,1
14249,2010-08-23 11:31:00,0
14253,2010-08-03 14:55:00,1
14256,2010-08-05 09:30:00,1
14257,2010-07-26 13:57:00,0
14258,2010-08-25 17:06:00,0
14260,2010-08-25 14:55:00,1
14264,2010-05-16 13:23:00,0
14265,2010-09-01 12:20:00,1
14268,2010-08-26 10:45:00,1
14272,2010-05-26 09:49:00,1
14274,2010-01-22 12:51:00,1
14275,2010-06-27 10:51:00,0
14276,2010-08-12 10:05:00,0
14277,2010-05-10 09:47:00,0
14279,2010-07-07 08:42:00,1
14282,2010-09-08 14:16:00,0
14283,2010-09-02 14:46:00,1
14284,2010-02-24 12:06:00,1
14285,2010-07-14 14:07:00,1
14286,2010-03-10 10:51:00,0
14290,2010-03-08 10:49:00,0
14291,2010-07-30 12:21:00,0
14292,2010-07-20 13:36:00,0
14293,2010-01-21 15:02:00,0
14295,2010-06-28 12:22:00,0
14296,2010-05-14 14:34:00,0
14298,2010-09-02 16:14:00,0
14299,2010-09-01 12:21:00,0
14301,2010-05-16 13:22:00,0
14302,2010-02-15 09:20:00,0
14304,2010-05-18 10:50:00,0
14306,2010-01-31 13:42:00,1
14307,2010-07-19 12:26:00,0
14309,2010-06-07 10:24:00,0
14311,2010-05-21 10:28:00,1
14312,2010-07-23 15:05:00,0
14315,2010-05-24 13:56:00,1
14316,2010-06-10 17:11:00,0
14318,2010-09-05 15:32:00,1
14320,2010-06-11 12:45:00,1
14321,2010-08-23 12:56:00,0
14322,2010-03-12 09:15:00,0
14324,2010-01-15 13:31:00,0
14325,2010-05-19 09:20:00,1
14326,2010-09-02 13:29:00,1
14327,2010-03-19 14:47:00,0
14329,2010-08-06 10:24:00,0
14330,2010-03-26 09:10:00,1
14334,2010-08-25 12:18:00,0
14338,2010-06-21 10:32:00,1
14341,2010-06-28 08:31:00,0
14342,2010-08-24 13:03:00,1
14343,2010-07-18 15:45:00,0
14344,2010-08-25 10:16:00,0
14346,2010-07-30 10:44:00,0
14347,2009-12-03 10:49:00,1
14355,2010-03-22 15:08:00,0
14361,2010-05-10 12:29:00,1
14365,2010-01-27 09:44:00,0
14369,2010-03-07 15:47:00,1
14370,2010-08-08 13:11:00,1
14372,2010-04-19 15:57:00,0
14374,2010-06-16 14:25:00,1
14375,2010-06-16 14:34:00,0
14376,2010-01-25 15:36:00,1
14378,2010-03-28 12:22:00,1
14379,2010-08-16 15:31:00,0
14384,2010-07-27 09:53:00,1
14388,2010-08-29 13:11:00,0
14389,2010-06-29 13:46:00,0
14391,2010-05-12 09:42:00,1
14394,2010-05-24 10:43:00,1
14395,2010-09-07 14:08:00,0
14396,2010-08-01 12:38:00,0
14398,2010-06-30 11:57:00,0
14399,2010-08-24 13:18:00,0
14400,2010-03-18 12:11:00,0
14401,2010-08-25 10:25:00,0
14402,2010-02-25 13:20:00,1
14403,2010-04-29 08:47:00,1
14404,2010-08-01 14:18:00,0
14408,2009-12-07 12:18:00,1
14409,2010-08-11 14:55:00,0
14413,2010-01-19 14:27:00,0
14415,2010-09-05 16:10:00,0
14420,2010-07-15 14:32:00,0
14421,2010-07-15 12:30:00,1
14422,2010-08-29 13:49:00,0
14425,2009-12-17 11:53:00,0
14426,2010-09-05 13:08:00,0
14427,2010-08-02 11:25:00,1
14430,2010-07-16 11:35:00,1
14431,2010-01-21 10:49:00,0
14433,2010-08-31 12:35:00,1
14436,2010-06-04 11:32:00,1
14437,2010-08-12 10:01:00,0
14439,2010-05-21 10:25:00,0
14440,2010-04-20 14:52:00,0
14441,2010-07-19 15:29:00,0
14442,2010-09-06 11:32:00,0
14444,2010-09-09 18:56:00,1
14450,2010-04-08 12:09:00,0
14451,2010-07-29 12:21:00,0
14452,2010-07-06 13:13:00,0
14454,2010-05-30 13:39:00,0
14455,2010-09-09 11:59:00,0
14459,2010-02-26 13:26:00,1
14460,2010-05-02 10:49:00,0
14461,2010-08-12 14:15:00,0
14463,2010-07-28 11:35:00,1
14464,2010-05-20 18:00:00,1
14465,2010-07-22 10:06:00,0
14466,2010-06-09 15:53:00,0
14467,2010-07-07 12:45:00,0
14468,2009-12-06 12:21:00,1
14469,2010-08-02 17:06:00,0
14471,2010-04-27 17:12:00,1
14472,2010-01-19 13:09:00,1
14474,2010-05-09 12:12:00,1
14478,2010-08-10 14:43:00,0
14479,2009-12-06 13:48:00,0
14480,2009-12-21 16:32:00,0
14481,2010-04-06 11:17:00,0
14482,2010-08-26 14:20:00,0
14483,2009-12-03 10:16:00,1
14484,2010-03-12 10:30:00,0
14486,2010-07-16 09:42:00,1
14489,2010-08-04 10:00:00,0
14492,2010-09-09 16:11:00,0
14493,2010-07-20 10:34:00,0
14496,2010-05-09 14:00:00,0
14497,2010-02-04 09:59:00,1
14498,2010-08-09 14:39:00,0
14499,2010-08-27 11:57:00,0
14505,2010-08-18 16:21:00,0
14506,2010-04-19 08:27:00,0
14507,2010-02-28 12:16:00,0
14508,2010-06-17 13:09:00,0
14509,2010-06-23 13:21:00,1
14512,2010-07-13 15:26:00,0
14513,2010-05-20 17:57:00,1
14514,2010-07-15 19:55:00,0
14515,2010-06-07 12:37:00,0
14516,2010-07-11 14:07:00,1
14519,2010-01-25 11:18:00,1
14521,2010-08-05 16:35:00,1
14522,2010-04-23 10:45:00,1
14525,2010-08-13 16:58:00,0
14527,2010-09-06 12:43:00,0
14530,2010-07-07 13:41:00,0
14531,2010-08-17 10:16:00,1
14532,2010-06-27 12:51:00,0
14533,2010-05-10 15:12:00,0
14534,2010-06-28 11:24:00,0
14535,2010-07-20 16:33:00,0
14537,2010-03-26 13:44:00,1
14538,2010-06-27 10:23:00,1
14540,2010-08-19 09:10:00,0
14541,2010-08-17 10:12:00,0
14543,2010-08-31 15:06:00,0
14544,2010-08-26 16:00:00,1
14545,2010-02-03 15:23:00,1
14546,2010-07-18 15:48:00,0
14548,2010-05-18 11:34:00,1
14549,2010-04-25 11:43:00,0
14550,2010-08-13 12:05:00,0
14551,2010-07-25 15:27:00,0
14552,2010-04-26 13:44:00,0
14553,2010-07-18 12:10:00,0
14555,2010-06-30 12:49:00,0
14556,2010-04-22 14:57:00,1
14558,2010-02-23 12:51:00,1
14560,2010-08-22 14:56:00,0
14562,2010-09-02 11:37:00,0
14563,2010-07-18 12:01:00,1
14564,2009-12-04 09:27:00,0
14565,2010-08-23 09:48:00,1
14569,2010-08-03 14:41:00,0
14572,2010-05-30 14:39:00,0
14573,2010-06-13 12:35:00,0
14574,2009-12-07 12:42:00,1
14575,2010-08-08 14:51:00,1
14577,2010-01-27 12:11:00,0
14580,2010-07-09 15:20:00,1
14581,2010-06-13 15:48:00,1
14583,2010-06-24 14:34:00,0
14584,2010-06-30 13:28:00,0
14588,2010-05-10 15:08:00,1
14590,2010-08-17 14:21:00,0
14593,2010-06-21 11:55:00,0
14595,2010-01-20 13:59:00,0
14596,2010-03-23 12:13:00,1
14598,2010-05-19 13:07:00,1
14599,2010-07-18 15:54:00,0
14602,2010-02-21 15:47:00,1
14604,2010-03-16 13:00:00,1
14605,2010-04-21 15:24:00,0
14606,2010-09-09 15:44:00,0
14607,2010-06-20 13:22:00,1
14608,2010-07-12 11:45:00,0
14610,2010-07-13 16:06:00,0
14611,2010-04-20 10:19:00,0
14615,2010-07-23 08:08:00,0
14618,2010-06-11 10:11:00,0
14619,2010-06-16 14:41:00,1
14621,2010-07-16 07:50:00,1
14623,2010-06-23 14:59:00,0
14624,2010-06-23 10:49:00,0
14625,2010-08-09 11:06:00,0
14626,2010-07-20 08:47:00,0
14628,2010-03-08 08:42:00,0
14630,2010-08-12 16:38:00,1
14631,2010-08-09 14:45:00,0
14634,2010-06-23 17:26:00,0
14637,2010-01-31 15:52:00,1
14639,2010-07-08 08:08:00,0
14640,2010-07-14 12:31:00,0
14643,2010-04-01 08:33:00,1
14644,2010-08-02 12:44:00,0
14645,2010-03-15 11:33:00,1
14646,2010-09-01 11:05:00,0
14647,2010-07-04 13:27:00,1
14648,2010-07-16 08:31:00,0
14649,2010-05-26 15:06:00,0
14650,2010-04-29 20:27:00,1
14651,2010-06-28 15:05:00,0
14653,2010-07-14 12:19:00,1
14654,2009-12-01 12:57:00,1
14655,2010-07-05 09:45:00,0
14656,2010-07-14 12:29:00,0
14662,2010-03-17 11:21:00,0
14665,2010-04-26 11:17:00,0
14667,2010-09-08 13:30:00,0
14669,2010-03-16 09:39:00,1
14670,2009-12-07 13:59:00,1
14671,2010-06-08 13:39:00,1
14672,2010-07-12 10:23:00,1
14674,2010-07-18 14:25:00,1
14676,2010-06-27 15:24:00,0
14677,2010-04-26 09:48:00,1
14678,2010-05-09 14:32:00,1
14679,2010-07-06 09:58:00,0
14680,2010-09-06 12:09:00,0
14681,2010-03-05 12:57:00,0
14682,2010-06-22 17:06:00,0
14683,2010-04-30 17:18:00,1
14685,2010-05-12 13:08:00,1
14686,2010-02-18 18:33:00,0
14687,2010-06-06 10:36:00,0
14688,2010-09-09 12:37:00,0
14692,2010-08-12 13:02:00,0
14693,2010-08-29 12:53:00,0
14694,2010-04-01 19:46:00,1
14695,2010-07-08 14:18:00,1
14699,2010-08-03 12:55:00,0
14700,2010-08-11 12:19:00,0
14701,2010-07-05 12:53:00,0
14702,2010-08-12 19:21:00,0
14704,2010-03-25 17:21:00,0
14706,2010-03-31 11:09:00,1
14709,2010-09-05 12:55:00,0
14710,2010-07-05 11:15:00,0
14713,2010-07-29 19:26:00,0
14714,2010-05-13 11:58:00,0
14715,2010-07-07 11:43:00,1
14717,2009-12-06 13:05:00,1
14722,2010-08-19 14:34:00,1
14723,2010-06-15 14:42:00,0
14724,2010-04-28 13:26:00,1
14725,2010-06-23 11:39:00,0
14726,2010-02-23 12:35:00,1
14727,2010-06-11 13:30:00,1
14729,2010-03-24 13:35:00,0
14732,2010-07-22 15:01:00,0
14734,2010-08-03 09:04:00,0
14735,2010-08-23 14:14:00,0
14736,2010-08-11 15:21:00,1
14738,2010-05-27 20:31:00,1
14739,2010-09-02 18:32:00,0
14740,2010-09-08 10:54:00,0
14743,2010-04-26 10:26:00,1
14744,2010-05-25 14:09:00,0
14745,2010-07-26 13:07:00,1
14748,2010-07-07 09:55:00,0
14749,2010-08-17 12:36:00,1
14750,2009-12-03 17:57:00,1
14751,2010-01-24 13:37:00,1
14753,2010-09-05 11:04:00,1
14754,2010-06-30 15:41:00,0
14755,2010-08-25 14:46:00,0
14758,2010-07-19 10:07:00,0
14762,2010-03-23 15:36:00,1
14766,2010-08-24 14:46:00,0
14767,2010-08-22 14:54:00,1
14769,2010-08-26 16:46:00,0
14770,2010-08-29 10:45:00,1
14771,2010-03-28 12:52:00,1
14773,2010-04-26 10:29:00,1
14774,2010-06-29 12:26:00,1
14783,2010-02-18 16:16:00,1
14786,2010-06-07 13:42:00,1
14787,2010-08-25 14:38:00,1
14788,2010-04-22 18:16:00,1
14790,2010-06-24 09:06:00,0
14791,2010-04-12 10:24:00,1
14793,2010-06-22 16:54:00,1
14794,2010-08-09 15:44:00,0
14796,2010-09-02 12:53:00,0
14797,2010-07-20 14:07:00,1
14798,2010-06-25 14:15:00,0
14799,2009-12-02 11:18:00,1
14805,2010-07-11 12:59:00,0
14807,2010-02-28 11:33:00,0
14809,2010-03-28 15:44:00,1
14812,2010-04-20 12:13:00,1
14813,2010-04-08 11:49:00,0
14814,2010-05-07 14:10:00,1
14817,2010-07-15 12:06:00,0
14818,2010-09-07 14:16:00,1
14819,2010-08-02 17:19:00,1
14820,2010-04-26 10:43:00,0
14821,2010-03-18 07:31:00,0
14822,2010-08-11 12:52:00,1
14824,2010-05-24 10:55:00,0
14825,2010-07-20 09:34:00,0
14826,2010-05-07 09:00:00,1
14828,2010-07-04 14:13:00,0
14831,2010-01-28 14:31:00,1
14833,2010-07-29 10:06:00,1
14837,2010-08-31 09:36:00,0
14838,2009-12-03 09:52:00,0
14839,2010-05-09 12:03:00,0
14840,2010-06-18 15:42:00,1
14841,2010-08-03 12:32:00,0
14844,2010-08-02 10:30:00,0
14847,2010-05-24 12:29:00,0
14849,2010-08-06 13:39:00,0
14850,2010-05-20 13:42:00,0
14851,2010-03-19 11:52:00,1
14852,2010-08-19 09:41:00,0
14853,2010-04-13 09:26:00,0
14854,2010-07-26 15:41:00,0
14855,2010-08-22 13:37:00,1
14857,2010-06-01 09:42:00,0
14858,2010-07-22 10:51:00,1
14859,2010-06-03 10:26:00,1
14861,2010-08-09 13:06:00,0
14867,2010-06-27 13:00:00,0
14869,2010-08-22 12:52:00,0
14870,2010-07-13 11:52:00,0
14871,2010-08-03 14:18:00,1
14872,2010-08-13 12:34:00,1
14873,2010-03-16 10:51:00,1
14874,2010-06-22 14:58:00,1
14876,2010-07-06 14:57:00,1
14877,2010-03-07 12:25:00,0
14878,2010-08-22 12:34:00,0
14879,2010-01-24 11:35:00,1
14882,2010-07-12 15:58:00,0
14884,2010-02-08 12:56:00,1
14885,2010-08-31 10:11:00,0
14890,2010-03-31 09:40:00,1
14892,2010-01-18 08:58:00,1
14893,2010-04-01 09:03:00,1
14894,2009-12-02 10:42:00,0
14895,2010-08-25 07:46:00,0
14896,2010-07-14 12:05:00,0
14897,2010-04-26 09:13:00,0
14898,2010-07-28 17:26:00,0
14901,2010-09-01 11:43:00,0
14902,2010-06-04 12:35:00,0
14905,2010-07-20 11:53:00,0
14907,2010-04-16 13:40:00,0
14908,2010-09-02 16:39:00,1
14909,2010-05-24 14:43:00,0
14911,2010-09-08 08:18:00,0
14912,2010-04-28 09:41:00,0
14913,2010-08-11 08:40:00,0
14915,2010-09-06 14:58:00,0
14916,2010-05-09 11:39:00,0
14917,2010-04-22 11:28:00,1
14918,2010-09-09 11:02:00,0
14919,2010-06-18 13:06:00,1
14920,2010-05-23 15:25:00,1
14922,2010-07-20 09:45:00,0
14924,2010-04-08 15:40:00,1
14926,2010-04-20 09:59:00,1
14928,2010-03-22 09:14:00,1
14930,2010-08-26 11:43:00,1
14936,2010-05-05 12:31:00,0
14938,2010-05-26 13:38:00,1
14940,2009-12-06 15:46:00,0
14941,2010-05-10 11:30:00,1
14942,2010-04-26 10:35:00,0
14943,2010-02-14 16:04:00,1
14944,2010-08-18 09:45:00,0
14947,2010-06-28 10:34:00,0
14949,2010-08-27 15:38:00,1
14952,2010-09-07 10:20:00,0
14954,2010-01-05 16:38:00,1
14955,2009-12-07 11:35:00,1
14957,2010-03-05 10:50:00,1
14958,2010-04-23 14:31:00,1
14961,2010-07-28 10:39:00,0
14962,2010-06-18 15:57:00,1
14963,2010-07-02 12:43:00,0
14966,2009-12-16 11:47:00,0
14967,2010-02-18 12:22:00,0
14968,2010-09-07 13:28:00,1
14969,2010-01-05 12:43:00,1
14970,2010-06-27 10:48:00,0
14977,2009-12-14 10:37:00,1
14978,2010-07-19 12:44:00,0
14979,2009-12-04 12:54:00,1
14980,2009-12-02 14:09:00,1
14982,2010-05-16 15:52:00,1
14983,2010-01-19 17:32:00,1
14984,2010-06-06 10:56:00,1
14986,2010-01-24 15:54:00,0
14988,2010-05-04 12:30:00,0
14989,2010-02-16 10:40:00,1
14990,2010-04-06 13:54:00,1
14993,2010-05-25 12:47:00,1
14994,2010-04-30 11:28:00,0
14996,2010-08-15 13:44:00,1
14997,2010-02-22 12:11:00,1
14998,2010-04-13 16:07:00,0
14999,2010-04-26 10:47:00,1
15002,2010-07-20 10:54:00,0
15003,2010-08-23 15:44:00,1
15005,2010-09-09 13:23:00,0
15012,2010-05-12 11:49:00,0
15013,2010-08-09 12:05:00,1
15015,2010-07-26 13:50:00,1
15016,2010-06-14 13:06:00,0
15021,2010-07-29 16:35:00,0
15022,2010-01-31 16:02:00,1
15023,2010-07-29 13:28:00,0
15025,2010-05-20 13:28:00,1
15027,2010-05-25 09:46:00,0
15029,2010-03-30 12:16:00,1
15030,2010-06-06 12:39:00,0
15031,2010-06-18 12:45:00,0
15032,2010-04-15 14:38:00,0
15034,2010-07-02 12:55:00,0
15039,2010-09-07 11:43:00,0
15040,2010-06-16 11:40:00,1
15043,2010-08-23 16:19:00,1
15044,2010-07-07 12:08:00,0
15046,2010-08-08 12:50:00,0
15050,2010-08-16 12:00:00,0
15051,2010-07-27 10:29:00,0
15055,2010-08-22 11:06:00,1
15056,2010-07-07 15:58:00,1
15057,2010-03-24 11:51:00,0
15058,2010-08-29 11:38:00,0
15059,2010-08-22 13:40:00,0
15061,2010-09-03 11:23:00,0
15062,2010-07-27 14:02:00,0
15064,2010-08-04 15:02:00,0
15067,2010-04-11 15:54:00,0
15068,2010-03-28 13:18:00,0
15070,2010-04-27 15:21:00,1
15071,2010-05-18 12:45:00,0
15072,2010-08-17 15:46:00,1
15073,2010-04-22 14:15:00,0
15074,2010-08-29 11:47:00,0
15076,2010-07-05 14:11:00,1
15077,2010-08-02 11:13:00,1
15078,2010-09-01 09:33:00,0
15079,2010-08-26 16:44:00,0
15080,2010-07-26 10:03:00,0
15081,2010-09-02 17:19:00,0
15082,2010-02-09 10:23:00,1
15084,2010-03-04 10:45:00,0
15085,2009-12-10 11:47:00,1
15086,2010-05-24 12:27:00,1
15091,2010-02-03 11:50:00,1
15092,2010-09-03 12:33:00,1
15093,2010-08-25 10:22:00,0
15094,2010-09-02 16:55:00,1
15095,2010-08-04 10:52:00,0
15097,2010-05-05 14:33:00,1
15100,2010-01-07 14:33:00,0
15101,2010-07-12 10:46:00,1
15102,2010-06-27 12:16:00,1
15105,2010-03-23 12:18:00,0
15109,2010-05-09 13:44:00,1
15110,2010-08-11 15:49:00,0
15111,2010-04-26 13:12:00,0
15112,2010-04-07 14:17:00,1
15115,2009-12-07 11:20:00,1
15117,2010-03-15 13:40:00,0
15122,2010-09-06 14:46:00,0
15123,2010-03-16 09:49:00,0
15124,2010-08-20 12:31:00,1
15125,2010-08-17 09:54:00,1
15126,2010-06-21 12:31:00,1
15127,2010-07-08 10:07:00,1
15129,2010-09-09 12:06:00,0
15133,2010-07-07 12:31:00,0
15135,2010-06-01 13:33:00,1
15137,2010-07-07 09:41:00,1
15141,2010-09-08 11:33:00,1
15142,2010-08-12 09:17:00,0
15144,2010-08-18 16:07:00,0
15149,2010-05-11 13:51:00,1
15150,2010-09-09 17:19:00,1
15151,2010-07-18 12:19:00,0
15152,2010-01-07 15:15:00,1
15154,2010-08-18 17:43:00,1
15157,2010-05-19 13:29:00,1
15162,2009-12-08 13:14:00,1
15164,2010-07-11 10:28:00,0
15166,2010-08-29 12:31:00,1
15167,2010-02-04 14:13:00,0
15169,2009-12-13 11:16:00,0
15173,2010-06-23 13:44:00,0
15176,2010-02-10 10:36:00,1
15179,2010-07-01 12:26:00,0
15180,2010-04-29 15:27:00,0
15182,2010-07-28 10:54:00,0
15183,2010-06-10 10:43:00,1
15184,2009-12-16 12:06:00,0
15186,2010-08-22 15:00:00,1
15188,2009-12-14 13:30:00,1
15189,2010-09-07 10:54:00,0
15191,2010-09-02 15:37:00,1
15192,2010-05-13 13:50:00,0
15194,2010-08-24 09:31:00,0
15196,2009-12-13 11:14:00,0
15197,2009-12-11 12:56:00,0
15198,2010-04-01 14:15:00,0
15199,2010-08-02 15:28:00,0
15200,2010-08-02 09:38:00,1
15201,2010-04-07 14:50:00,0
15203,2010-08-13 10:15:00,0
15207,2010-06-10 17:29:00,0
15209,2009-12-09 17:26:00,1
15210,2010-05-13 14:42:00,0
15215,2010-05-04 12:59:00,0
15216,2010-03-31 09:52:00,1
15217,2010-05-25 13:51:00,1
15218,2010-08-03 10:52:00,0
15219,2010-03-01 11:33:00,1
15221,2010-04-25 15:50:00,0
15222,2010-08-24 10:39:00,1
15223,2010-04-09 11:34:00,1
15224,2010-07-15 09:08:00,1
15227,2010-09-02 15:04:00,0
15228,2010-07-28 10:21:00,0
15229,2010-05-02 13:50:00,1
15231,2010-03-28 15:12:00,1
15240,2010-06-25 09:30:00,0
15241,2010-05-18 10:38:00,0
15244,2010-02-11 14:48:00,1
15245,2010-08-23 11:43:00,0
15246,2010-06-02 11:28:00,1
15247,2010-08-19 10:13:00,1
15248,2010-08-20 14:13:00,0
15249,2010-07-15 13:19:00,0
15250,2010-03-09 07:35:00,1
15251,2010-07-29 10:10:00,0
15252,2010-05-12 11:55:00,0
15253,2010-07-05 16:07:00,0
15254,2010-06-11 10:30:00,1
15255,2010-09-05 10:06:00,0
15256,2010-05-27 11:41:00,1
15259,2010-07-15 08:46:00,1
15260,2010-09-03 09:51:00,0
15262,2010-08-08 15:55:00,0
15264,2010-06-27 13:29:00,1
15265,2010-04-14 11:20:00,1
15266,2010-01-22 15:04:00,0
15268,2010-08-18 10:33:00,1
15270,2010-03-31 13:40:00,0
15271,2010-09-08 10:09:00,0
15272,2010-07-14 14:17:00,0
15278,2010-05-27 10:03:00,1
15279,2010-07-19 11:52:00,0
15280,2010-08-08 12:21:00,1
15282,2010-05-18 16:27:00,1
15283,2010-08-09 15:47:00,1
15284,2010-07-27 13:25:00,1
15287,2009-12-02 12:13:00,0
15288,2010-04-23 12:49:00,0
15289,2010-09-07 12:38:00,1
15290,2010-09-01 15:32:00,0
15291,2010-07-18 14:52:00,0
15293,2010-02-12 11:54:00,1
15295,2010-02-23 13:03:00,1
15296,2010-08-12 15:08:00,0
15298,2010-08-31 14:40:00,0
15302,2009-12-09 13:11:00,1
15303,2010-05-23 12:14:00,1
15305,2010-06-02 13:50:00,1
15306,2010-07-27 14:39:00,1
15309,2010-04-08 11:11:00,1
15310,2010-08-18 11:38:00,1
15311,2010-09-07 13:12:00,0
15312,2010-05-07 10:19:00,0
15317,2010-01-31 15:55:00,1
15321,2010-05-25 09:54:00,0
15322,2010-08-20 13:10:00,1
15323,2010-05-26 10:01:00,1
15324,2010-01-07 14:37:00,1
15325,2010-08-23 14:41:00,0
15326,2010-04-09 15:22:00,1
15329,2010-06-16 09:58:00,0
15331,2010-07-28 09:42:00,1
15332,2010-07-14 13:01:00,0
15338,2010-01-31 14:25:00,1
15339,2010-09-08 13:46:00,0
15340,2010-05-27 10:27:00,1
15352,2010-06-09 11:28:00,1
15353,2010-08-18 15:47:00,0
15358,2010-08-27 12:32:00,0
15359,2010-02-15 10:47:00,1
15361,2010-06-22 11:35:00,1
15362,2009-12-01 09:08:00,0
15363,2010-08-04 08:41:00,0
15365,2010-08-12 14:58:00,0
15366,2010-06-07 10:49:00,0
15367,2010-09-07 14:46:00,0
15369,2010-08-04 13:54:00,1
15371,2010-02-15 13:14:00,1
15372,2010-02-16 13:52:00,0
15373,2010-07-27 14:08:00,0
15374,2010-03-25 12:03:00,1
15375,2010-01-18 15:38:00,1
15378,2010-09-03 11:30:00,1
15380,2010-06-08 12:12:00,1
15381,2010-06-16 16:42:00,0
15382,2010-05-07 12:09:00,0
15384,2010-04-26 12:38:00,0
15385,2010-01-31 13:02:00,0
15387,2010-08-04 16:05:00,1
15391,2010-05-04 15:04:00,1
15393,2010-05-21 11:34:00,1
15394,2010-08-22 13:08:00,0
15400,2010-08-05 14:11:00,1
15401,2010-05-20 10:56:00,0
15402,2010-08-17 14:02:00,0
15403,2010-08-05 12:21:00,1
15405,2010-05-12 15:56:00,1
15409,2009-12-18 15:35:00,1
15410,2010-05-20 09:53:00,1
15413,2010-01-17 11:33:00,1
15416,2010-08-18 09:47:00,1
15418,2010-05-02 11:31:00,0
15420,2010-05-30 15:45:00,0
15421,2010-08-18 10:42:00,0
15422,2010-05-18 12:49:00,0
15423,2010-05-07 09:21:00,1
15424,2010-09-02 17:17:00,1
15425,2010-06-29 13:52:00,0
15426,2010-07-25 12:53:00,0
15428,2010-03-12 15:13:00,0
15430,2010-08-29 10:42:00,1
15432,2010-06-16 14:34:00,1
15434,2010-01-24 15:35:00,0
15437,2010-03-09 10:45:00,1
15439,2010-02-24 12:05:00,0
15441,2009-12-09 14:55:00,0
15443,2010-08-22 12:45:00,1
15445,2010-04-28 15:00:00,1
15446,2010-03-21 11:15:00,0
15447,2010-06-30 13:06:00,1
15448,2010-02-03 13:29:00,1
15451,2010-04-19 14:08:00,0
15452,2010-08-24 12:03:00,0
15454,2010-03-31 13:15:00,1
15456,2010-08-04 13:42:00,0
15459,2010-07-30 14:31:00,0
15465,2010-08-29 11:15:00,0
15466,2010-04-12 14:48:00,0
15470,2010-05-13 09:35:00,1
15471,2010-06-07 12:17:00,0
15474,2010-04-23 11:14:00,1
15478,2010-05-13 18:49:00,1
15479,2009-12-06 15:08:00,1
15480,2010-08-27 15:14:00,1
15482,2010-04-18 10:31:00,0
15483,2010-06-18 11:21:00,0
15484,2010-06-17 16:16:00,1
15485,2010-01-27 15:17:00,0
15487,2010-01-29 12:07:00,1
15488,2010-09-09 11:59:00,1
15489,2010-09-06 16:16:00,0
15493,2010-07-26 11:05:00,0
15494,2010-08-18 16:54:00,1
15496,2010-03-18 13:16:00,1
15497,2010-08-26 13:22:00,0
15498,2010-09-01 11:22:00,0
15499,2009-12-16 12:17:00,1
15502,2010-06-03 11:12:00,0
15503,2009-12-13 11:34:00,1
15504,2010-07-07 12:02:00,1
15506,2010-08-19 12:38:00,0
15513,2010-07-08 13:29:00,0
15514,2010-04-23 14:10:00,0
15518,2010-07-08 13:35:00,0
15521,2010-07-25 10:14:00,0
15523,2010-09-08 17:23:00,0
15524,2010-04-12 09:19:00,1
15527,2010-07-25 10:59:00,0
15530,2010-07-15 11:10:00,1
15532,2010-07-27 16:22:00,0
15534,2009-12-14 12:48:00,1
15542,2010-07-15 13:32:00,1
15543,2010-09-06 11:28:00,1
15544,2010-07-28 10:31:00,0
15546,2010-04-12 11:51:00,1
15547,2010-08-22 15:57:00,0
15548,2010-04-23 12:20:00,1
15549,2010-06-14 14:50:00,0
15550,2010-07-26 11:39:00,0
15551,2010-06-07 15:05:00,0
15552,2010-03-26 16:17:00,1
15555,2010-09-08 15:30:00,0
15558,2010-03-10 15:25:00,1
15559,2010-05-20 14:06:00,1
15561,2010-06-13 12:51:00,0
15562,2009-12-13 15:17:00,0
15563,2010-07-13 11:57:00,1
15564,2010-09-02 15:52:00,1
15566,2009-12-15 14:53:00,0
15569,2010-06-27 10:54:00,0
15570,2010-08-25 12:20:00,0
15571,2010-05-30 13:35:00,0
15572,2010-04-14 14:38:00,0
15573,2010-03-31 13:40:00,1
15574,2010-09-01 14:37:00,0
15575,2010-03-30 12:50:00,1
15577,2009-12-16 14:54:00,1
15580,2010-08-08 10:57:00,0
15581,2010-08-12 16:27:00,0
15584,2010-02-07 12:16:00,0
15586,2010-04-26 11:00:00,1
15587,2010-08-05 08:44:00,0
15588,2010-01-31 12:19:00,1
15590,2010-05-05 09:04:00,0
15591,2010-05-06 09:23:00,1
15595,2010-08-09 12:27:00,1
15596,2010-07-28 11:46:00,0
15597,2010-05-13 13:10:00,1
15600,2010-06-15 12:27:00,0
15601,2010-07-25 13:50:00,0
15602,2010-07-16 08:33:00,0
15603,2010-03-01 16:02:00,1
15605,2010-04-30 09:28:00,0
15606,2010-09-09 11:00:00,0
15607,2010-06-14 11:55:00,1
15611,2010-09-01 12:51:00,0
15613,2010-04-08 12:51:00,1
15614,2010-07-27 12:47:00,0
15615,2010-09-08 14:14:00,0
15617,2010-07-20 13:16:00,0
15622,2010-06-07 12:01:00,0
15623,2010-08-27 12:04:00,0
15625,2010-08-24 13:46:00,0
15627,2010-09-08 14:14:00,1
15628,2010-08-24 11:21:00,0
15629,2010-07-30 11:52:00,0
15630,2010-03-05 14:30:00,1
15631,2010-03-07 14:52:00,1
15633,2010-07-18 13:54:00,1
15636,2010-05-19 11:37:00,0
15637,2010-07-29 13:16:00,0
15638,2010-04-08 14:37:00,0
15639,2010-04-13 13:11:00,0
15640,2010-09-03 10:48:00,0
15641,2010-08-15 11:50:00,0
15650,2010-07-06 10:41:00,1
15651,2010-04-22 13:26:00,0
15652,2010-08-11 16:58:00,0
15658,2010-07-28 12:34:00,0
15659,2010-02-24 13:32:00,0
15660,2010-06-25 16:42:00,0
15661,2010-08-22 14:57:00,0
15662,2010-02-16 16:47:00,1
15664,2010-05-07 08:17:00,0
15665,2010-08-22 13:41:00,0
15666,2010-08-24 16:14:00,1
15670,2010-06-01 15:34:00,1
15672,2009-12-14 16:52:00,1
15673,2010-07-12 15:00:00,0
15674,2010-09-07 15:01:00,0
15677,2010-09-02 12:08:00,0
15678,2010-07-05 12:49:00,0
15680,2010-08-24 14:31:00,0
15681,2010-07-08 15:01:00,0
15682,2010-04-19 15:30:00,1
15683,2010-08-23 12:01:00,1
15684,2010-06-10 18:51:00,1
15689,2010-04-01 09:53:00,1
15691,2010-04-29 11:53:00,0
15694,2010-07-30 12:54:00,0
15695,2010-04-21 10:36:00,1
15696,2010-06-10 17:27:00,0
15697,2010-01-19 09:10:00,1
15698,2010-03-25 17:38:00,1
15702,2010-08-20 14:50:00,1
15704,2010-07-25 15:00:00,1
15709,2010-04-29 18:31:00,1
15711,2010-06-01 12:14:00,1
15712,2010-09-06 11:33:00,0
15713,2010-03-30 10:26:00,0
15714,2010-06-08 08:37:00,0
15715,2010-06-02 09:56:00,1
15716,2010-08-01 13:12:00,0
15717,2010-08-04 11:57:00,0
15718,2010-06-17 16:20:00,1
15719,2010-09-06 12:16:00,0
15720,2010-06-07 15:40:00,1
15722,2010-08-29 13:49:00,0
15723,2010-05-14 12:55:00,0
15727,2010-08-03 13:18:00,0
15731,2010-06-04 10:10:00,1
15732,2010-07-19 08:40:00,0
15734,2010-06-10 14:25:00,0
15738,2010-09-02 14:12:00,0
15741,2010-09-07 16:21:00,1
15742,2010-03-30 15:25:00,1
15747,2010-08-01 12:07:00,0
15750,2010-08-04 11:48:00,0
15751,2010-09-05 12:44:00,1
15752,2010-09-08 11:56:00,0
15754,2010-08-03 09:15:00,1
15755,2010-09-09 15:57:00,0
15757,2010-08-04 12:22:00,0
15759,2010-07-16 10:37:00,1
15764,2010-08-18 13:58:00,0
15765,2010-02-11 10:25:00,1
15766,2010-09-09 13:51:00,1
15768,2010-08-20 15:58:00,1
15770,2010-04-06 11:47:00,1
15771,2010-04-14 13:56:00,1
15774,2010-08-08 12:18:00,0
15777,2010-05-20 10:37:00,0
15779,2010-09-02 16:40:00,1
15784,2010-08-29 10:38:00,1
15785,2010-08-16 12:16:00,0
15786,2010-06-21 10:13:00,0
15788,2010-07-19 12:48:00,1
15789,2010-08-15 12:37:00,0
15791,2010-06-28 12:04:00,1
15792,2010-03-31 09:42:00,0
15793,2010-09-08 12:47:00,0
15794,2009-12-02 15:10:00,1
15795,2010-05-02 12:13:00,0
15796,2010-07-11 15:34:00,0
15798,2010-08-04 09:13:00,1
15800,2010-03-31 13:29:00,0
15803,2010-09-02 08:42:00,0
15805,2010-08-10 09:53:00,0
15807,2010-02-11 15:32:00,0
15808,2010-08-27 14:23:00,0
15809,2010-09-06 13:20:00,1
15810,2010-09-01 12:00:00,0
15812,2010-08-25 15:24:00,0
15814,2010-04-15 14:31:00,0
15816,2010-06-15 13:36:00,1
15817,2010-08-04 12:54:00,0
15818,2010-04-30 12:58:00,1
15819,2010-06-21 11:38:00,0
15822,2010-08-03 16:08:00,1
15823,2009-12-10 18:03:00,1
15824,2010-06-25 15:10:00,0
15826,2010-05-20 17:00:00,1
15827,2010-07-15 12:41:00,0
15833,2009-12-02 11:59:00,1
15837,2010-08-11 10:16:00,1
15841,2010-07-06 13:15:00,0
15842,2010-06-30 09:06:00,0
15845,2010-06-21 11:40:00,1
15847,2010-03-08 08:47:00,0
15848,2010-03-28 10:54:00,1
15850,2010-06-21 14:14:00,0
15851,2010-07-01 12:34:00,1
15852,2010-07-01 10:16:00,1
15854,2010-08-17 08:36:00,0
15855,2010-08-20 17:15:00,1
15856,2010-09-02 12:44:00,0
15858,2010-08-04 12:03:00,0
15860,2010-05-30 11:41:00,0
15861,2010-09-09 19:56:00,1
15862,2010-07-23 13:43:00,0
15863,2010-04-01 15:40:00,1
15865,2010-01-05 13:58:00,0
15867,2010-07-23 11:32:00,0
15868,2010-05-05 14:11:00,1
15869,2010-03-23 16:50:00,1
15872,2010-06-07 14:53:00,0
15874,2010-08-12 15:03:00,0
15875,2010-03-03 16:51:00,1
15878,2010-05-27 12:17:00,1
15879,2010-05-19 17:49:00,0
15882,2010-06-28 13:28:00,0
15884,2009-12-03 18:23:00,0
15885,2010-09-07 10:43:00,0
15886,2010-04-20 15:03:00,0
15887,2010-09-05 13:41:00,1
15888,2010-07-01 11:51:00,0
15889,2010-05-04 13:49:00,0
15890,2010-04-21 13:53:00,0
15892,2010-02-08 16:23:00,1
15898,2010-08-15 10:41:00,0
15900,2010-05-26 11:27:00,0
15901,2010-06-14 12:39:00,0
15903,2010-08-19 14:44:00,0
15905,2010-06-14 16:00:00,1
15908,2010-07-15 19:21:00,1
15910,2010-08-31 11:40:00,0
15911,2010-03-26 12:06:00,1
15912,2010-05-19 11:00:00,0
15913,2010-06-23 16:31:00,1
15916,2010-05-30 14:13:00,0
15917,2010-04-12 15:01:00,1
15918,2010-03-18 11:40:00,1
15920,2010-06-23 12:07:00,0
15921,2010-03-09 11:03:00,0
15924,2009-12-08 15:00:00,1
15926,2010-06-15 15:23:00,1
15927,2010-03-02 13:25:00,1
15928,2010-02-21 15:16:00,1
15936,2010-08-29 11:42:00,0
15938,2010-09-09 17:07:00,1
15941,2010-03-12 14:45:00,1
15943,2010-02-28 12:49:00,1
15944,2010-08-11 14:39:00,0
15945,2010-01-15 17:36:00,0
15946,2010-07-25 12:16:00,1
15950,2010-08-25 12:42:00,0
15953,2010-08-25 10:41:00,0
15954,2010-04-29 13:35:00,1
15955,2010-08-31 08:16:00,0
15956,2010-06-06 13:06:00,1
15958,2010-06-07 10:59:00,0
15959,2010-01-26 16:26:00,1
15964,2010-02-14 15:30:00,1
15965,2010-07-11 12:06:00,0
15967,2010-07-19 12:13:00,0
15969,2010-07-05 13:10:00,0
15970,2010-04-20 11:30:00,1
15971,2009-12-15 16:45:00,1
15972,2010-09-09 12:58:00,1
15976,2010-08-29 11:31:00,0
15978,2010-03-05 14:39:00,0
15979,2010-04-16 11:35:00,1
15980,2010-08-06 12:35:00,1
15981,2010-09-05 11:13:00,0
15982,2010-04-13 15:47:00,1
15983,2009-12-13 11:28:00,0
15984,2010-08-12 14:35:00,0
15985,2010-08-11 11:23:00,0
15988,2010-06-06 12:45:00,1
15989,2009-12-02 15:51:00,0
15990,2010-08-02 12:42:00,1
15991,2010-06-23 15:50:00,1
15994,2010-03-14 11:55:00,0
15998,2010-07-29 19:18:00,0
15999,2009-12-04 12:31:00,1
16002,2010-03-24 13:08:00,1
16003,2010-03-24 10:09:00,0
16004,2010-08-22 11:48:00,1
16007,2010-06-14 13:18:00,0
16008,2010-07-08 14:09:00,0
16011,2010-08-26 16:00:00,0
16012,2010-06-28 11:39:00,0
16013,2010-01-14 12:09:00,0
16014,2010-01-31 12:43:00,0
16017,2010-03-18 11:38:00,0
16018,2009-12-07 13:57:00,0
16019,2010-08-25 12:39:00,0
16021,2010-06-13 11:05:00,0
16027,2010-05-07 10:49:00,1
16028,2010-04-23 11:45:00,1
16029,2010-09-03 12:04:00,0
16032,2010-09-09 18:00:00,1
16033,2010-08-24 17:21:00,0
16035,2010-05-28 15:09:00,1
16036,2010-03-29 14:47:00,0
16037,2010-06-13 11:32:00,1
16039,2010-03-21 15:17:00,0
16040,2010-06-28 10:52:00,0
16043,2010-08-15 11:26:00,0
16045,2010-07-29 12:51:00,0
16046,2010-05-26 13:18:00,1
16048,2010-06-08 12:36:00,0
16049,2010-07-11 13:53:00,0
16051,2010-01-27 09:38:00,1
16053,2010-04-08 11:11:00,0
16054,2010-07-15 10:20:00,0
16057,2010-07-08 11:33:00,1
16059,2010-07-27 10:07:00,0
16060,2010-08-02 15:26:00,0
16062,2010-06-21 13:32:00,0
16064,2009-12-14 16:11:00,1
16065,2010-09-02 13:27:00,0
16067,2010-05-26 12:33:00,1
16068,2010-04-25 11:52:00,1
16071,2010-06-30 13:41:00,1
16072,2010-06-08 16:47:00,0
16075,2010-07-25 11:31:00,1
16077,2010-03-24 10:42:00,1
16078,2010-02-08 13:29:00,1
16081,2010-05-14 12:06:00,0
16082,2010-02-07 15:16:00,1
16085,2010-09-05 11:14:00,0
16086,2010-06-08 13:11:00,0
16087,2010-01-19 12:30:00,0
16088,2010-04-27 10:56:00,1
16089,2010-07-18 15:51:00,0
16090,2010-03-25 13:05:00,1
16092,2010-07-23 11:30:00,1
16094,2010-08-26 17:53:00,0
16095,2010-09-09 16:54:00,1
16096,2010-04-30 12:25:00,0
16098,2010-08-31 15:17:00,0
16099,2010-07-28 12:17:00,0
16100,2010-09-03 11:39:00,1
16101,2010-08-15 14:38:00,0
16103,2010-08-25 13:36:00,0
16104,2010-08-15 10:28:00,0
16105,2010-08-05 13:21:00,0
16108,2010-05-06 16:21:00,0
16109,2010-01-10 10:37:00,1
16110,2010-07-05 13:04:00,1
16115,2010-08-08 13:55:00,0
16117,2010-04-27 11:50:00,0
16118,2010-02-25 09:40:00,1
16119,2010-07-08 10:35:00,0
16121,2010-05-23 10:52:00,0
16124,2010-05-05 10:53:00,0
16125,2010-08-16 08:38:00,0
16126,2010-08-22 13:28:00,0
16127,2009-12-13 12:19:00,1
16128,2010-07-27 11:55:00,0
16129,2010-07-20 12:32:00,0
16130,2010-06-04 08:56:00,0
16131,2010-04-22 09:50:00,0
16132,2010-06-13 13:49:00,1
16133,2010-09-02 16:33:00,0
16134,2010-09-08 15:38:00,0
16135,2010-05-05 09:35:00,1
16136,2010-02-14 12:49:00,1
16137,2010-01-28 15:04:00,1
16138,2010-06-28 10:36:00,0
16139,2009-12-17 11:24:00,1
16143,2010-07-16 11:44:00,0
16145,2010-09-02 11:54:00,0
16147,2010-05-18 10:24:00,0
16150,2010-09-08 12:24:00,0
16153,2010-08-24 14:19:00,0
16155,2010-07-25 13:35:00,0
16156,2010-07-30 14:01:00,0
16158,2010-07-05 13:55:00,1
16159,2010-08-26 13:40:00,1
16161,2010-09-02 15:05:00,0
16163,2010-06-11 12:09:00,0
16166,2010-01-17 14:16:00,0
16167,2010-04-01 17:23:00,0
16168,2010-09-02 10:25:00,0
16170,2010-09-05 14:40:00,0
16172,2010-08-23 13:53:00,1
16174,2010-08-05 12:33:00,1
16175,2010-08-25 11:58:00,1
16176,2010-06-29 16:36:00,0
16177,2010-09-03 11:42:00,0
16180,2010-08-18 16:18:00,1
16182,2010-04-28 10:29:00,1
16185,2010-05-24 11:04:00,1
16186,2010-08-16 08:49:00,0
16190,2010-08-13 12:56:00,0
16191,2010-06-11 10:47:00,0
16192,2009-12-04 12:28:00,1
16195,2009-12-16 14:09:00,1
16196,2010-08-08 11:40:00,1
16197,2010-08-27 12:56:00,1
16199,2010-08-25 13:05:00,0
16200,2010-08-25 12:31:00,0
16202,2010-06-03 15:50:00,0
16203,2010-07-23 13:09:00,0
16204,2009-12-08 17:44:00,0
16205,2010-06-15 11:58:00,0
16206,2010-07-28 15:39:00,0
16208,2010-08-23 14:59:00,0
16210,2010-07-30 08:54:00,0
16212,2010-03-31 12:16:00,1
16218,2010-05-27 16:09:00,0
16221,2010-09-07 14:04:00,0
16222,2009-12-18 14:31:00,1
16225,2010-09-02 16:47:00,0
16227,2010-08-02 14:16:00,1
16229,2010-07-06 16:36:00,0
16231,2010-04-21 12:06:00,0
16232,2010-08-12 10:04:00,0
16233,2010-08-04 15:13:00,0
16234,2010-08-20 14:33:00,1
16235,2010-09-03 13:06:00,0
16239,2010-09-02 19:17:00,0
16242,2010-08-26 13:52:00,0
16246,2010-09-06 12:04:00,1
16251,2010-07-15 14:55:00,1
16253,2010-06-16 12:01:00,0
16254,2010-07-26 14:17:00,0
16255,2010-09-06 11:57:00,0
16256,2010-08-03 08:58:00,1
16258,2010-09-02 08:57:00,0
16259,2010-04-13 17:15:00,0
16266,2010-07-08 12:31:00,0
16267,2010-04-27 14:10:00,1
16271,2010-08-26 09:35:00,1
16273,2010-02-21 16:02:00,1
16275,2010-08-22 11:28:00,1
16276,2010-08-17 13:40:00,1
16277,2009-12-06 11:27:00,1
16278,2010-08-16 13:38:00,1
16279,2010-08-10 08:49:00,0
16280,2009-12-14 15:49:00,1
16282,2010-08-09 10:27:00,1
16283,2010-06-30 15:34:00,0
16285,2010-03-03 16:03:00,1
16286,2010-08-19 14:48:00,1
16287,2010-03-08 14:15:00,0
16288,2010-08-26 14:45:00,1
16289,2010-09-03 14:02:00,1
16290,2010-09-01 11:52:00,1
16292,2010-09-01 15:08:00,0
16293,2010-05-19 10:33:00,0
16294,2010-08-20 12:01:00,1
16296,2010-03-23 13:11:00,1
16299,2010-08-19 17:46:00,1
16300,2010-03-24 12:15:00,0
16301,2009-12-03 10:20:00,1
16303,2010-05-20 11:57:00,0
16304,2010-01-14 08:30:00,1
16307,2010-06-15 13:18:00,0
16310,2010-03-07 15:41:00,0
16314,2010-09-07 09:31:00,0
16315,2010-06-21 13:53:00,1
16316,2010-08-03 14:38:00,0
16317,2010-06-07 14:24:00,1
16320,2010-07-14 10:08:00,0
16321,2010-03-23 16:01:00,1
16323,2010-05-11 09:48:00,1
16325,2010-09-03 09:14:00,0
16326,2010-08-15 10:55:00,0
16327,2010-09-05 14:03:00,0
16328,2010-05-25 14:02:00,1
16329,2010-03-04 15:07:00,0
16330,2010-02-15 12:36:00,0
16331,2010-09-03 15:47:00,0
16332,2010-08-20 12:31:00,0
16334,2010-08-04 16:38:00,1
16335,2010-06-06 11:35:00,1
16336,2010-09-07 12:53:00,0
16340,2010-06-06 13:26:00,0
16341,2010-04-09 10:30:00,0
16344,2010-07-18 11:31:00,1
16345,2010-08-13 17:13:00,1
16347,2010-06-01 14:18:00,0
16351,2010-09-02 15:51:00,0
16353,2010-09-03 10:31:00,0
16354,2010-04-27 13:33:00,0
16356,2010-06-06 11:38:00,0
16359,2010-07-20 12:54:00,0
16365,2010-08-20 14:53:00,0
16366,2010-05-06 13:28:00,1
16369,2010-08-26 13:20:00,0
16372,2010-04-11 15:20:00,0
16374,2010-04-30 13:10:00,0
16375,2010-08-26 14:25:00,1
16382,2010-06-07 12:42:00,0
16383,2010-07-08 13:07:00,0
16384,2010-04-28 14:01:00,0
16385,2010-03-18 12:45:00,0
16387,2010-03-11 12:22:00,0
16388,2010-02-24 10:20:00,1
16390,2010-06-21 10:11:00,1
16391,2010-07-30 11:59:00,0
16392,2010-05-27 11:17:00,0
16393,2010-07-27 12:10:00,0
16395,2010-08-05 19:22:00,0
16396,2010-08-20 14:17:00,1
16397,2010-03-21 15:36:00,1
16400,2010-07-25 12:14:00,0
16401,2010-08-20 15:32:00,0
16406,2010-02-24 11:51:00,0
16408,2010-04-27 14:08:00,1
16409,2010-08-22 16:07:00,0
16410,2009-12-05 14:51:00,1
16412,2010-04-09 11:41:00,0
16414,2010-04-25 11:24:00,0
16415,2010-05-05 11:51:00,1
16416,2010-07-21 13:22:00,0
16417,2010-08-04 09:08:00,1
16419,2010-05-11 12:18:00,1
16421,2010-08-27 12:02:00,0
16422,2010-09-03 16:12:00,0
16428,2010-07-30 12:19:00,0
16430,2010-06-03 14:24:00,0
16434,2010-09-05 12:05:00,0
16435,2010-07-15 18:22:00,1
16436,2010-02-09 13:19:00,1
16439,2009-12-17 14:22:00,1
16440,2010-08-03 11:32:00,1
16441,2010-03-22 18:00:00,0
16442,2010-04-14 13:35:00,1
16444,2010-08-08 12:43:00,0
16447,2010-04-28 13:21:00,1
16448,2010-08-25 16:58:00,1
16450,2010-05-04 13:43:00,1
16451,2010-05-27 17:56:00,1
16452,2010-03-19 12:39:00,1
16453,2010-06-27 12:46:00,1
16454,2010-04-12 09:52:00,1
16455,2010-03-30 10:31:00,0
16456,2010-08-25 15:40:00,0
16458,2010-08-31 13:26:00,0
16459,2009-12-10 12:42:00,1
16461,2010-04-28 11:54:00,1
16466,2010-08-20 14:43:00,0
16468,2010-08-26 16:36:00,1
16469,2010-07-13 13:17:00,1
16470,2010-08-09 12:21:00,0
16471,2010-05-20 11:41:00,0
16472,2010-04-21 11:48:00,0
16477,2010-08-12 09:43:00,0
16481,2010-01-26 13:09:00,1
16485,2010-04-25 15:40:00,0
16486,2010-06-20 12:16:00,1
16487,2010-05-11 13:38:00,1
16492,2010-06-17 08:20:00,1
16493,2010-07-05 13:05:00,0
16496,2010-07-18 13:43:00,0
16497,2010-07-16 09:24:00,0
16499,2010-07-14 11:54:00,0
16500,2010-06-14 14:54:00,0
16502,2010-03-29 13:39:00,1
16503,2010-08-20 10:57:00,0
16507,2010-05-16 12:56:00,1
16508,2010-03-19 13:41:00,1
16510,2010-08-29 13:58:00,0
16511,2010-03-01 12:21:00,0
16515,2010-06-17 12:17:00,0
16518,2010-06-01 13:31:00,0
16519,2010-08-11 14:34:00,0
16520,2010-04-29 16:45:00,0
16521,2010-03-01 13:22:00,0
16523,2010-08-26 16:25:00,0
16524,2010-01-17 13:16:00,0
16525,2010-09-03 12:44:00,0
16526,2010-05-04 16:34:00,1
16529,2010-08-19 12:48:00,1
16530,2010-02-09 15:30:00,1
16534,2010-03-07 15:47:00,1
16537,2010-03-08 13:41:00,1
16538,2010-06-16 16:59:00,1
16539,2010-08-27 15:12:00,0
16541,2009-12-04 13:22:00,1
16543,2010-04-27 11:38:00,1
16544,2010-07-08 11:11:00,1
16547,2010-06-11 13:02:00,1
16548,2010-04-19 16:15:00,1
16549,2010-09-05 16:02:00,0
16550,2010-08-24 13:46:00,0
16551,2010-04-01 12:10:00,0
16553,2010-07-26 13:41:00,0
16554,2010-06-17 14:04:00,0
16555,2010-07-22 13:43:00,1
16556,2010-09-07 12:34:00,0
16558,2010-08-13 09:07:00,0
16560,2010-05-06 16:47:00,0
16562,2010-08-20 11:45:00,1
16563,2010-09-09 17:04:00,0
16564,2010-05-19 14:41:00,1
16565,2010-08-10 12:32:00,1
16569,2010-03-18 15:19:00,1
16570,2010-08-25 13:27:00,0
16571,2010-08-06 15:21:00,0
16574,2010-02-19 11:46:00,0
16576,2010-07-06 10:42:00,0
16577,2010-02-11 09:45:00,1
16578,2010-03-23 15:11:00,1
16583,2010-02-04 12:18:00,0
16584,2010-07-28 10:45:00,0
16585,2010-04-25 10:34:00,1
16586,2010-03-14 11:24:00,0
16588,2010-07-22 17:30:00,0
16592,2010-08-13 08:54:00,0
16593,2009-12-20 13:37:00,0
16595,2010-04-12 15:40:00,0
16596,2010-01-19 12:39:00,0
16600,2010-09-07 09:35:00,0
16601,2010-03-26 13:39:00,0
16604,2010-05-26 09:10:00,1
16607,2010-09-02 13:40:00,0
16608,2010-02-14 11:57:00,0
16611,2010-08-01 14:35:00,0
16612,2010-07-28 08:38:00,0
16614,2010-05-10 15:18:00,0
16615,2010-03-23 15:13:00,1
16619,2010-04-20 14:52:00,0
16620,2010-05-26 15:45:00,0
16622,2010-06-14 10:44:00,1
16623,2010-06-21 12:11:00,0
16625,2010-08-16 14:49:00,0
16628,2010-03-08 12:24:00,0
16631,2010-08-15 11:20:00,1
16632,2010-08-11 11:39:00,1
16634,2010-03-29 12:32:00,0
16636,2010-05-06 07:51:00,0
16638,2010-09-09 15:22:00,0
16641,2010-01-07 12:22:00,1
16645,2009-12-04 09:49:00,1
16647,2010-06-13 15:52:00,0
16648,2010-04-28 14:58:00,0
16649,2010-07-07 15:41:00,1
16650,2010-08-12 10:12:00,0
16651,2010-05-02 11:46:00,1
16652,2010-08-26 09:23:00,0
16654,2010-08-25 13:34:00,0
16655,2010-08-02 14:24:00,0
16656,2010-08-31 12:59:00,0
16658,2010-08-31 17:39:00,0
16660,2010-09-07 15:09:00,0
16661,2010-06-17 15:24:00,1
16664,2010-05-19 17:11:00,1
16666,2010-03-28 15:13:00,1
16668,2010-08-04 16:12:00,0
16670,2010-08-31 15:47:00,0
16673,2010-01-29 14:22:00,1
16675,2010-08-18 13:11:00,0
16677,2010-02-25 16:11:00,0
16679,2010-06-10 18:35:00,0
16680,2010-06-23 09:30:00,1
16681,2010-03-08 14:10:00,1
16683,2010-06-24 10:36:00,1
16684,2010-06-30 12:02:00,0
16686,2010-06-30 11:43:00,0
16691,2010-05-27 14:55:00,0
16693,2010-07-11 11:02:00,0
16694,2009-12-16 15:45:00,1
16695,2010-05-27 12:24:00,1
16699,2010-07-23 13:42:00,0
16700,2010-08-20 12:27:00,0
16701,2010-08-25 12:12:00,0
16702,2010-05-23 11:24:00,0
16704,2010-03-31 14:02:00,1
16705,2010-09-06 15:12:00,0
16707,2010-06-09 16:56:00,0
16709,2010-06-13 14:47:00,0
16710,2010-06-20 11:50:00,0
16711,2010-03-24 10:30:00,0
16713,2010-09-08 14:57:00,0
16714,2010-02-07 11:17:00,1
16715,2010-05-26 12:35:00,1
16717,2010-05-19 15:23:00,0
16718,2010-04-29 16:56:00,0
16719,2010-09-03 10:50:00,0
16720,2009-12-17 17:54:00,0
16722,2010-08-04 14:27:00,0
16723,2009-12-04 13:23:00,0
16725,2010-08-22 11:45:00,0
16727,2010-03-28 12:18:00,0
16731,2010-03-01 15:05:00,1
16732,2010-04-07 10:53:00,0
16733,2010-06-28 10:12:00,1
16735,2010-09-03 13:45:00,0
16736,2010-07-22 10:09:00,1
16739,2010-06-21 09:38:00,1
16741,2010-03-24 15:15:00,1
16742,2010-08-04 10:52:00,1
16743,2010-09-09 12:34:00,1
16746,2010-09-02 12:36:00,0
16748,2010-06-22 13:23:00,0
16749,2010-04-27 13:06:00,1
16754,2010-06-30 08:36:00,1
16755,2010-08-29 15:45:00,1
16756,2010-08-15 13:03:00,0
16763,2009-12-01 15:26:00,1
16767,2010-08-03 14:01:00,0
16768,2010-09-08 14:45:00,0
16769,2010-08-18 14:43:00,1
16770,2010-08-22 16:08:00,0
16771,2010-06-13 12:35:00,1
16772,2010-01-08 12:38:00,0
16773,2009-12-06 15:01:00,0
16774,2010-07-16 12:59:00,0
16777,2010-06-27 11:20:00,0
16779,2010-09-02 13:57:00,0
16781,2010-02-08 13:56:00,0
16782,2010-09-05 10:54:00,0
16784,2010-08-03 09:14:00,0
16787,2010-03-28 11:30:00,0
16788,2010-06-07 15:31:00,0
16791,2010-08-31 12:48:00,0
16792,2010-04-30 14:43:00,0
16794,2010-05-23 15:52:00,0
16795,2010-01-25 13:14:00,0
16797,2010-06-18 12:04:00,0
16798,2010-06-03 19:01:00,1
16802,2010-01-29 13:44:00,1
16805,2010-05-11 15:03:00,1
16807,2010-08-26 14:29:00,1
16809,2010-09-09 13:52:00,0
16814,2010-08-22 12:12:00,0
16815,2010-06-21 12:05:00,0
16819,2010-08-31 17:37:00,1
16822,2010-01-22 14:22:00,1
16823,2010-09-03 11:49:00,0
16825,2010-06-23 13:14:00,0
16827,2010-04-29 19:07:00,0
16830,2010-02-02 08:57:00,0
16831,2010-05-24 09:08:00,1
16832,2010-09-07 12:35:00,0
16833,2010-03-26 15:31:00,0
16834,2010-02-03 14:24:00,1
16835,2010-07-27 14:54:00,0
16836,2010-05-14 12:52:00,0
16838,2010-06-27 14:49:00,1
16839,2010-09-08 12:06:00,0
16840,2010-04-15 15:48:00,1
16841,2010-08-15 11:47:00,0
16843,2010-09-05 10:31:00,0
16844,2010-05-26 10:29:00,1
16845,2010-03-31 13:09:00,1
16846,2010-05-11 13:45:00,1
16847,2010-03-31 13:32:00,1
16854,2010-03-09 14:32:00,0
16858,2010-06-27 11:16:00,0
16859,2010-07-07 09:37:00,0
16860,2010-06-21 15:51:00,0
16861,2010-07-19 11:44:00,0
16862,2010-06-10 13:05:00,1
16864,2010-04-20 11:56:00,0
16867,2010-01-19 09:11:00,1
16868,2010-04-25 11:31:00,0
16870,2010-08-27 13:53:00,1
16872,2010-09-02 17:36:00,1
16873,2010-08-15 11:51:00,0
16875,2010-07-29 11:06:00,0
16880,2010-08-03 13:54:00,1
16883,2010-08-04 11:46:00,0
16884,2010-06-01 12:45:00,1
16886,2010-09-09 15:08:00,1
16887,2009-12-01 13:41:00,0
16888,2010-02-01 17:21:00,0
16889,2010-07-11 10:49:00,0
16890,2010-05-06 16:27:00,1
16891,2010-08-18 12:34:00,0
16892,2010-06-03 15:17:00,1
16894,2010-06-22 14:21:00,1
16895,2010-06-11 11:19:00,0
16896,2010-06-02 15:40:00,1
16898,2010-05-12 12:18:00,0
16901,2009-12-10 16:30:00,1
16905,2010-07-30 11:08:00,0
16906,2010-05-13 13:31:00,0
16907,2010-07-01 17:30:00,0
16908,2009-12-17 13:35:00,1
16911,2010-03-14 12:18:00,1
16912,2010-02-21 12:36:00,0
16913,2010-02-26 12:06:00,1
16915,2010-09-02 12:26:00,0
16917,2010-03-17 15:24:00,1
16918,2010-07-23 12:57:00,0
16919,2010-09-02 12:22:00,0
16921,2010-04-18 15:34:00,0
16922,2010-05-16 11:24:00,1
16923,2010-08-29 11:03:00,0
16925,2010-06-17 15:03:00,1
16926,2010-09-09 14:25:00,0
16928,2010-02-03 12:30:00,0
16932,2010-05-17 14:15:00,0
16933,2010-07-29 16:25:00,0
16934,2010-07-07 13:43:00,0
16937,2010-07-28 17:56:00,1
16938,2010-08-03 14:23:00,0
16939,2010-08-08 12:24:00,1
16940,2010-06-15 12:11:00,0
16941,2010-04-07 11:13:00,1
16944,2010-04-09 11:03:00,1
16945,2010-08-02 15:19:00,0
16946,2010-07-16 12:04:00,0
16947,2010-05-27 13:25:00,1
16948,2010-06-22 11:48:00,0
16950,2010-08-25 14:53:00,0
16952,2010-09-07 14:31:00,0
16954,2010-07-30 14:58:00,0
16955,2010-06-03 12:36:00,0
16960,2010-06-01 11:27:00,0
16961,2010-06-25 14:36:00,0
16964,2009-12-06 12:53:00,1
16970,2010-03-23 13:50:00,1
16972,2010-09-09 11:20:00,0
16974,2010-07-05 10:18:00,1
16975,2010-08-31 08:43:00,0
16977,2010-05-02 10:38:00,0
16978,2010-02-11 16:33:00,1
16984,2010-08-18 17:30:00,0
16985,2010-09-03 11:39:00,0
16986,2010-05-26 15:24:00,0
16987,2010-04-12 15:59:00,0
16992,2010-07-29 14:57:00,0
16993,2010-09-02 12:16:00,1
17001,2010-08-06 14:22:00,0
17002,2010-05-06 09:58:00,0
17003,2010-05-10 11:20:00,0
17005,2010-08-26 10:57:00,1
17006,2010-03-05 13:33:00,0
17009,2010-06-06 16:01:00,1
17011,2010-02-26 09:47:00,1
17012,2009-12-14 17:34:00,1
17016,2010-05-12 12:32:00,1
17017,2010-06-16 10:29:00,0
17018,2010-05-11 12:33:00,0
17019,2010-06-28 12:38:00,0
17020,2010-06-15 13:06:00,1
17021,2010-07-22 20:09:00,0
17023,2010-08-10 10:22:00,0
17025,2010-03-08 13:37:00,0
17027,2010-02-24 13:54:00,0
17028,2010-05-07 15:33:00,1
17029,2010-07-01 08:39:00,0
17031,2010-06-07 15:39:00,1
17032,2010-04-15 14:14:00,1
17034,2010-07-14 12:55:00,0
17035,2010-04-27 14:11:00,1
17039,2010-04-14 12:56:00,1
17040,2010-06-07 15:08:00,1
17041,2010-04-18 14:28:00,0
17043,2010-05-18 13:36:00,0
17044,2010-08-25 11:40:00,0
17046,2010-08-12 12:37:00,0
17047,2010-04-08 14:28:00,0
17048,2010-08-27 11:50:00,0
17049,2010-08-19 17:06:00,0
17050,2010-08-08 12:57:00,0
17051,2010-05-02 15:31:00,0
17056,2009-12-01 12:55:00,1
17057,2010-04-22 19:21:00,1
17059,2010-07-28 12:51:00,0
17063,2010-08-10 12:06:00,0
17065,2010-03-12 11:41:00,1
17066,2009-12-13 13:24:00,1
17067,2009-12-15 08:39:00,1
17068,2010-09-08 13:52:00,0
17069,2010-05-06 15:05:00,0
17071,2010-08-15 12:23:00,0
17072,2010-03-24 16:33:00,1
17074,2010-05-26 12:04:00,1
17075,2010-08-18 15:35:00,0
17076,2010-03-11 13:19:00,0
17080,2010-07-21 09:32:00,0
17081,2010-05-23 12:56:00,0
17082,2010-03-24 09:26:00,0
17083,2010-07-01 10:41:00,0
17085,2010-09-05 13:07:00,0
17087,2009-12-02 10:41:00,1
17090,2010-07-22 11:30:00,0
17091,2010-08-13 11:16:00,0
17092,2010-08-03 13:22:00,0
17093,2010-04-26 10:22:00,1
17095,2010-08-22 15:12:00,0
17096,2010-07-25 11:34:00,0
17098,2010-06-17 10:30:00,0
17099,2010-06-24 16:25:00,1
17101,2010-06-07 15:12:00,0
17103,2009-12-17 14:08:00,1
17107,2010-08-15 15:20:00,0
17108,2010-02-14 12:22:00,1
17109,2010-07-30 12:42:00,0
17110,2010-07-07 12:21:00,1
17112,2010-07-25 11:14:00,1
17113,2010-05-14 13:59:00,1
17115,2010-06-09 11:10:00,1
17116,2010-03-01 16:29:00,1
17122,2010-07-28 09:34:00,0
17123,2010-05-16 11:52:00,0
17126,2010-08-31 13:41:00,0
17127,2010-08-15 10:08:00,0
17129,2010-07-07 13:46:00,1
17132,2010-08-08 13:49:00,0
17133,2010-05-13 14:57:00,1
17135,2010-08-08 14:57:00,0
17136,2010-02-15 13:13:00,1
17137,2010-08-09 12:51:00,0
17138,2010-06-25 13:27:00,0
17139,2010-08-08 14:11:00,0
17141,2010-01-24 14:24:00,0
17142,2010-06-24 13:01:00,0
17143,2010-07-12 13:26:00,0
17145,2010-07-15 09:02:00,1
17146,2010-08-25 13:10:00,0
17147,2010-06-04 14:37:00,0
17150,2010-05-23 11:04:00,0
17151,2009-12-04 14:56:00,1
17155,2010-06-30 09:24:00,1
17156,2010-08-05 11:30:00,1
17157,2010-08-16 13:22:00,1
17158,2010-06-10 10:38:00,1
17159,2010-08-19 11:48:00,1
17160,2010-08-24 11:57:00,0
17163,2010-02-02 10:39:00,0
17165,2010-06-01 09:31:00,0
17168,2010-07-29 12:33:00,1
17169,2010-05-10 13:00:00,1
17171,2010-02-16 12:02:00,1
17172,2009-12-13 11:46:00,0
17176,2010-07-01 12:11:00,1
17177,2010-07-22 14:53:00,1
17178,2009-12-08 16:20:00,1
17179,2010-05-26 11:22:00,0
17180,2010-09-09 17:46:00,0
17181,2010-04-23 11:21:00,1
17182,2009-12-21 15:22:00,0
17184,2010-05-19 14:24:00,1
17185,2010-04-27 12:15:00,1
17187,2010-07-01 14:38:00,1
17188,2010-07-19 16:18:00,0
17189,2010-05-27 20:11:00,1
17190,2010-06-08 12:16:00,0
17191,2010-08-10 15:47:00,0
17192,2010-06-21 16:07:00,1
17194,2010-06-27 13:16:00,1
17195,2010-02-22 13:05:00,1
17199,2010-05-06 13:53:00,1
17200,2010-02-25 13:24:00,0
17201,2010-07-04 11:40:00,1
17204,2010-06-10 11:37:00,0
17205,2010-05-24 15:36:00,0
17207,2010-02-25 19:08:00,1
17209,2010-02-28 16:01:00,1
17211,2010-02-28 14:41:00,0
17212,2010-09-07 15:46:00,1
17213,2010-07-30 11:35:00,0
17215,2010-09-01 13:39:00,1
17216,2010-06-03 13:03:00,1
17217,2010-03-30 13:35:00,1
17218,2010-07-05 16:05:00,0
17220,2010-09-08 13:57:00,0
17221,2010-04-27 10:27:00,1
17222,2010-08-19 13:48:00,1
17224,2010-07-26 13:30:00,1
17225,2010-05-07 11:38:00,1
17226,2010-02-12 14:31:00,0
17227,2010-07-01 15:08:00,0
17228,2010-07-09 11:44:00,0
17230,2010-05-05 13:17:00,1
17231,2010-08-22 16:19:00,0
17233,2009-12-15 12:03:00,0
17235,2010-08-04 16:28:00,0
17236,2010-07-02 11:27:00,0
17238,2010-09-02 14:52:00,0
17239,2010-07-01 10:53:00,0
17240,2010-04-22 15:44:00,1
17241,2010-07-12 13:15:00,0
17242,2010-09-09 10:44:00,1
17243,2010-09-09 12:24:00,0
17244,2009-12-06 11:27:00,0
17245,2010-01-19 15:39:00,1
17246,2010-06-11 12:36:00,1
17248,2010-08-15 11:55:00,1
17251,2009-12-15 10:36:00,0
17256,2010-04-18 13:42:00,1
17258,2010-02-12 15:51:00,0
17259,2010-06-28 13:52:00,0
17261,2010-07-18 11:49:00,1
17262,2010-04-28 15:09:00,0
17266,2010-07-28 16:39:00,1
17268,2010-08-05 10:51:00,1
17270,2010-08-27 14:09:00,1
17271,2009-12-03 13:49:00,1
17278,2010-05-23 13:49:00,1
17282,2010-09-09 19:23:00,1
17285,2010-03-21 13:38:00,1
17287,2010-09-03 10:39:00,0
17289,2010-07-11 15:06:00,0
17290,2010-06-03 17:53:00,0
17292,2010-08-24 17:14:00,1
17293,2010-08-17 16:42:00,0
17294,2010-02-08 16:12:00,1
17296,2009-12-09 14:01:00,1
17298,2010-08-03 12:51:00,0
17299,2010-08-15 16:00:00,0
17300,2010-08-15 11:02:00,0
17301,2010-03-25 13:16:00,1
17304,2010-06-23 16:23:00,1
17305,2010-03-01 12:47:00,1
17307,2010-08-17 11:53:00,0
17309,2010-02-04 15:49:00,0
17311,2010-05-28 09:36:00,0
17314,2010-08-09 18:20:00,0
17318,2009-12-14 13:11:00,1
17319,2010-02-08 15:47:00,1
17320,2010-07-19 15:17:00,0
17321,2010-06-02 13:12:00,0
17322,2009-12-03 11:46:00,0
17323,2010-08-12 19:41:00,0
17324,2010-09-02 18:22:00,0
17325,2010-03-08 11:31:00,0
17326,2010-06-28 14:05:00,0
17327,2010-05-26 11:20:00,0
17328,2010-02-04 17:11:00,1
17329,2009-12-08 16:57:00,1
17332,2010-06-29 16:10:00,1
17335,2010-01-24 11:15:00,0
17338,2010-08-25 17:27:00,0
17339,2010-07-18 13:08:00,0
17340,2010-08-15 15:44:00,0
17341,2010-06-17 18:22:00,0
17342,2010-06-29 12:07:00,0
17343,2010-07-25 11:24:00,0
17344,2009-12-11 12:31:00,1
17345,2010-06-23 16:54:00,0
17346,2010-08-31 15:28:00,0
17348,2010-04-27 10:48:00,0
17349,2010-03-18 14:26:00,0
17350,2010-06-10 10:23:00,0
17351,2010-08-27 16:10:00,0
17352,2010-01-12 16:13:00,1
17356,2010-06-03 10:25:00,1
17358,2010-02-24 16:42:00,0
17359,2010-03-01 14:48:00,1
17361,2010-02-01 14:33:00,1
17362,2010-04-08 15:40:00,0
17364,2010-07-23 13:32:00,0
17365,2010-07-12 13:15:00,0
17366,2010-09-09 19:46:00,0
17368,2010-06-14 13:26:00,0
17371,2010-03-26 14:01:00,1
17372,2010-08-15 13:05:00,0
17373,2010-02-28 14:17:00,0
17376,2010-07-05 11:11:00,0
17377,2010-09-09 12:43:00,0
17380,2010-07-27 10:34:00,0
17382,2010-07-01 10:35:00,0
17384,2010-08-29 16:01:00,1
17388,2010-08-24 14:23:00,0
17389,2010-08-22 14:54:00,0
17393,2010-08-08 15:53:00,0
17395,2010-07-19 15:34:00,1
17400,2010-05-07 17:49:00,1
17401,2010-06-16 16:54:00,1
17402,2010-08-26 17:11:00,0
17404,2010-09-06 11:22:00,0
17406,2010-07-04 14:27:00,0
17408,2010-07-13 14:02:00,1
17409,2010-05-24 15:33:00,0
17411,2009-12-03 12:02:00,0
17412,2010-08-04 10:02:00,0
17414,2009-12-03 16:49:00,0
17416,2010-08-25 09:57:00,0
17417,2010-06-09 10:00:00,1
17419,2010-07-28 10:47:00,0
17421,2009-12-04 15:43:00,0
17422,2010-08-02 12:30:00,0
17426,2010-04-08 10:19:00,0
17428,2010-09-03 14:40:00,0
17430,2010-08-17 11:52:00,0
17432,2010-05-13 15:58:00,0
17436,2010-04-25 11:53:00,0
17437,2010-06-28 11:11:00,1
17438,2010-06-04 08:50:00,0
17439,2010-02-22 12:48:00,1
17441,2009-12-07 13:32:00,1
17442,2010-08-29 15:43:00,0
17448,2010-06-28 13:58:00,1
17449,2010-06-08 13:22:00,0
17454,2010-09-03 10:43:00,1
17456,2010-09-09 15:28:00,0
17457,2010-08-09 08:36:00,0
17460,2010-07-19 14:47:00,0
17463,2010-05-28 10:04:00,1
17464,2010-07-05 13:24:00,1
17465,2010-07-27 12:38:00,0
17469,2010-08-11 14:50:00,0
17470,2010-08-25 14:58:00,0
17471,2010-08-22 11:53:00,1
17472,2010-03-21 13:27:00,1
17473,2010-09-09 19:03:00,0
17474,2010-04-19 10:43:00,1
17476,2009-12-02 12:09:00,0
17477,2010-04-06 10:06:00,1
17478,2010-03-16 14:19:00,0
17479,2010-03-17 09:26:00,1
17482,2010-08-09 15:33:00,1
17484,2010-05-12 15:41:00,1
17487,2009-12-11 15:06:00,1
17488,2010-03-08 14:07:00,1
17490,2010-05-19 12:40:00,0
17491,2010-08-08 12:56:00,0
17492,2010-08-18 15:10:00,1
17494,2010-07-26 10:06:00,1
17496,2010-05-25 10:25:00,1
17497,2010-04-08 08:01:00,0
17499,2010-05-27 09:59:00,1
17504,2010-07-27 12:39:00,0
17505,2010-06-07 12:10:00,1
17508,2010-08-23 08:08:00,0
17511,2010-09-07 10:59:00,0
17512,2010-09-02 19:19:00,0
17513,2010-08-17 15:08:00,0
17514,2010-02-08 14:00:00,1
17515,2010-08-13 13:38:00,0
17518,2010-03-28 13:31:00,0
17519,2010-07-08 10:24:00,0
17526,2010-08-20 14:47:00,0
17529,2010-04-08 17:51:00,1
17530,2010-05-06 20:01:00,0
17531,2010-06-30 12:17:00,1
17534,2010-06-13 10:20:00,0
17536,2010-01-26 12:00:00,0
17539,2010-03-21 15:23:00,1
17540,2010-08-03 10:33:00,0
17541,2010-07-18 11:36:00,1
17542,2010-03-08 12:17:00,1
17543,2010-06-08 12:41:00,1
17545,2010-05-11 10:04:00,0
17547,2010-02-12 14:34:00,0
17550,2010-08-12 17:02:00,0
17552,2010-07-20 13:47:00,0
17555,2010-05-02 16:02:00,0
17559,2010-07-15 12:02:00,1
17560,2010-05-19 09:49:00,0
17561,2010-06-27 13:25:00,0
17563,2010-05-10 14:54:00,1
17565,2010-05-02 11:54:00,1
17568,2010-03-16 16:45:00,1
17571,2010-06-15 12:50:00,1
17572,2010-07-01 10:33:00,0
17575,2010-02-10 13:48:00,1
17576,2010-08-26 15:47:00,0
17577,2010-03-04 13:01:00,1
17578,2010-08-22 13:10:00,1
17579,2010-05-10 14:28:00,1
17581,2010-08-05 11:24:00,0
17582,2010-06-24 11:51:00,0
17583,2010-05-28 14:24:00,1
17584,2010-08-29 12:43:00,1
17585,2010-09-06 13:26:00,0
17586,2010-03-30 13:12:00,1
17587,2010-03-21 14:16:00,1
17588,2010-06-07 15:57:00,0
17589,2010-08-22 15:39:00,0
17591,2010-01-17 16:09:00,0
17592,2009-12-01 10:49:00,1
17593,2010-06-21 09:26:00,0
17594,2010-04-14 08:53:00,0
17596,2010-06-23 10:43:00,0
17597,2010-08-22 14:35:00,0
17599,2010-08-19 12:50:00,1
17602,2010-08-24 17:31:00,1
17603,2010-04-01 11:51:00,1
17604,2010-08-25 11:52:00,0
17605,2010-04-28 14:45:00,1
17606,2009-12-02 13:32:00,1
17608,2010-04-11 13:37:00,0
17609,2010-05-07 14:13:00,0
17610,2010-06-17 16:34:00,1
17611,2010-09-07 14:54:00,0
17612,2010-09-09 11:12:00,0
17615,2010-08-11 12:54:00,0
17617,2010-05-30 12:48:00,1
17618,2010-08-15 13:18:00,0
17622,2010-04-21 12:36:00,1
17623,2010-08-12 13:11:00,0
17624,2009-12-20 12:35:00,0
17625,2010-06-20 15:32:00,0
17626,2010-04-16 12:15:00,1
17627,2010-08-18 11:27:00,1
17631,2010-02-09 13:18:00,0
17635,2010-07-01 16:50:00,0
17639,2010-08-22 11:57:00,0
17640,2010-06-27 13:43:00,0
17642,2010-03-29 09:48:00,0
17643,2010-07-22 13:07:00,0
17644,2010-08-04 15:19:00,0
17646,2010-08-06 14:15:00,0
17647,2010-02-08 14:40:00,1
17649,2010-08-27 10:23:00,1
17651,2010-07-29 12:28:00,1
17660,2009-12-02 16:02:00,1
17662,2010-02-16 09:38:00,1
17663,2010-09-09 13:31:00,0
17664,2010-08-22 13:14:00,1
17665,2010-08-03 13:12:00,1
17666,2010-08-19 12:23:00,1
17667,2010-07-28 13:00:00,0
17669,2010-09-03 13:13:00,1
17672,2010-03-08 13:17:00,0
17673,2010-08-03 11:32:00,0
17675,2010-09-02 17:45:00,0
17676,2010-08-19 12:35:00,0
17677,2010-09-03 12:23:00,0
17678,2010-04-15 13:54:00,1
17679,2010-07-06 09:39:00,1
17680,2010-07-16 16:07:00,0
17681,2010-03-21 11:47:00,1
17682,2010-07-28 12:44:00,0
17683,2010-07-16 12:42:00,0
17685,2010-08-31 12:37:00,0
17686,2010-06-24 09:49:00,0
17689,2010-08-22 13:54:00,0
17690,2010-03-17 12:17:00,0
17691,2010-06-11 11:50:00,0
17692,2010-09-07 13:50:00,0
17694,2010-07-16 10:22:00,1
17695,2010-09-02 11:34:00,0
17696,2010-08-26 12:56:00,0
17699,2010-08-20 09:39:00,1
17700,2010-08-17 08:38:00,0
17705,2010-05-12 09:47:00,0
17706,2010-08-24 15:15:00,0
17707,2010-09-05 11:16:00,0
17709,2010-08-26 14:02:00,1
17713,2010-08-17 13:49:00,0
17714,2010-08-26 15:39:00,0
17716,2010-08-11 12:39:00,0
17718,2010-03-05 08:01:00,1
17720,2010-08-25 09:39:00,0
17721,2010-02-18 15:18:00,1
17726,2010-07-15 12:32:00,0
17729,2010-04-22 15:03:00,1
17730,2010-08-26 15:54:00,0
17731,2010-03-28 12:43:00,1
17732,2010-09-08 16:29:00,0
17734,2010-07-02 10:01:00,1
17735,2010-09-02 10:18:00,0
17738,2010-06-11 15:20:00,0
17739,2010-08-20 11:55:00,0
17740,2010-03-08 10:45:00,0
17741,2010-05-28 12:11:00,0
17742,2010-09-09 16:50:00,0
17745,2010-08-19 12:30:00,1
17746,2010-08-25 13:31:00,1
17748,2010-06-30 13:49:00,1
17749,2010-06-11 14:56:00,1
17753,2010-09-01 15:49:00,1
17754,2010-08-10 13:44:00,0
17757,2010-09-05 12:22:00,0
17758,2010-05-20 13:18:00,0
17759,2010-05-05 11:40:00,0
17760,2010-03-22 11:24:00,0
17762,2010-09-09 17:40:00,1
17763,2010-02-24 13:34:00,1
17764,2010-06-17 17:00:00,0
17768,2010-01-28 15:51:00,0
17769,2010-05-23 12:07:00,0
17771,2010-04-29 13:21:00,0
17773,2010-07-13 14:07:00,1
17774,2010-08-24 12:55:00,0
17776,2009-12-16 14:59:00,0
17778,2010-02-16 12:44:00,1
17780,2010-02-10 13:43:00,1
17783,2010-07-15 12:50:00,1
17784,2010-06-07 16:08:00,1
17785,2010-05-23 13:01:00,0
17789,2010-02-16 13:16:00,1
17790,2010-08-09 15:03:00,0
17792,2010-08-29 14:30:00,1
17794,2010-01-22 10:18:00,1
17797,2010-05-20 11:56:00,0
17798,2010-05-07 11:42:00,1
17799,2010-08-10 17:09:00,0
17801,2010-06-08 14:10:00,0
17802,2010-08-08 14:26:00,0
17804,2010-06-25 13:35:00,0
17807,2010-05-09 14:07:00,0
17808,2010-06-09 10:44:00,1
17809,2010-08-02 13:15:00,0
17810,2010-02-09 10:47:00,1
17812,2010-06-27 13:34:00,0
17816,2010-02-19 13:53:00,0
17818,2009-12-02 11:34:00,1
17819,2010-05-05 11:43:00,0
17822,2010-05-28 13:23:00,0
17825,2010-04-20 12:01:00,1
17827,2010-03-28 12:20:00,1
17829,2010-08-19 15:45:00,0
17833,2009-12-16 13:40:00,1
17838,2010-08-16 16:45:00,0
17841,2010-09-06 12:55:00,0
17842,2010-04-16 14:23:00,1
17845,2010-06-02 15:20:00,1
17847,2010-07-12 10:00:00,1
17848,2010-08-02 15:13:00,0
17849,2010-08-16 11:31:00,1
17850,2010-07-19 14:21:00,0
17851,2010-07-01 18:12:00,0
17852,2009-12-15 11:06:00,0
17853,2010-08-20 11:14:00,0
17854,2010-09-03 12:06:00,1
17858,2010-08-08 14:37:00,0
17860,2009-12-11 16:54:00,0
17861,2010-07-30 15:13:00,0
17862,2010-05-25 17:22:00,0
17863,2010-07-18 14:08:00,0
17865,2010-08-23 11:22:00,0
17866,2010-08-12 12:43:00,1
17867,2010-09-02 12:12:00,0
17869,2010-08-27 12:18:00,0
17871,2010-05-10 17:03:00,0
17873,2010-08-18 15:58:00,0
17875,2010-01-20 15:30:00,1
17880,2010-03-10 12:39:00,1
17883,2010-06-18 16:40:00,1
17884,2010-08-19 20:01:00,0
17886,2010-08-26 15:03:00,0
17888,2010-09-01 14:52:00,0
17889,2010-03-31 10:54:00,0
17894,2010-08-27 14:13:00,0
17897,2010-07-15 13:33:00,0
17898,2010-05-21 17:22:00,0
17901,2010-07-06 11:05:00,1
17902,2010-06-11 12:25:00,1
17905,2010-06-27 13:43:00,0
17907,2010-03-09 12:33:00,1
17908,2010-07-23 12:29:00,0
17909,2009-12-02 13:10:00,1
17910,2009-12-13 16:04:00,1
17913,2010-08-13 12:11:00,0
17915,2010-06-06 13:22:00,1
17916,2010-03-21 12:26:00,1
17918,2010-07-27 11:51:00,1
17920,2010-07-29 17:02:00,0
17921,2010-08-05 18:42:00,0
17922,2010-06-14 16:32:00,1
17926,2010-09-01 13:44:00,0
17927,2009-12-18 11:03:00,1
17928,2010-05-17 15:30:00,1
17929,2010-07-30 08:53:00,1
17930,2010-08-09 08:53:00,0
17931,2010-08-01 12:02:00,0
17933,2010-03-17 15:11:00,1
17935,2009-12-04 14:33:00,0
17945,2010-01-12 11:40:00,1
17950,2010-07-12 16:43:00,0
17952,2010-06-16 12:02:00,0
17953,2010-06-17 15:08:00,1
17954,2010-06-06 12:52:00,0
17955,2010-02-12 16:27:00,1
17958,2009-12-11 15:37:00,1
17960,2010-07-05 09:56:00,1
17961,2010-09-03 14:39:00,0
17962,2010-06-08 16:24:00,1
17963,2010-08-25 15:58:00,1
17965,2010-09-07 13:58:00,0
17966,2010-04-27 10:11:00,1
17968,2010-07-15 15:01:00,0
17969,2010-07-25 13:08:00,1
17971,2010-06-09 14:04:00,1
17975,2010-09-06 14:54:00,0
17978,2010-01-11 13:51:00,0
17982,2010-01-28 09:38:00,1
17984,2010-08-01 15:51:00,0
17987,2010-06-07 11:23:00,0
17988,2010-08-09 16:56:00,1
17990,2010-06-16 14:47:00,0
17991,2010-04-27 12:46:00,1
17993,2010-04-01 14:23:00,1
17994,2010-07-20 09:42:00,0
17996,2010-06-11 11:52:00,0
17998,2009-12-02 10:02:00,0
18000,2010-05-24 17:34:00,1
18001,2010-06-11 11:53:00,0
18002,2010-07-02 14:46:00,0
18006,2010-04-01 19:06:00,0
18008,2010-09-09 13:02:00,0
18009,2010-06-15 13:40:00,1
18011,2010-05-21 13:28:00,0
18012,2009-12-16 13:16:00,1
18016,2010-01-27 16:00:00,0
18020,2010-06-14 12:31:00,1
18021,2010-07-18 10:52:00,1
18022,2010-06-11 13:59:00,0
18025,2010-05-25 17:31:00,0
18026,2010-07-27 10:37:00,1
18028,2010-05-05 13:28:00,1
18029,2010-03-07 15:30:00,1
18036,2010-09-03 14:41:00,0
18037,2010-03-24 13:28:00,0
18038,2010-06-01 15:59:00,1
18039,2010-06-17 10:35:00,0
18041,2010-09-08 14:32:00,0
18042,2010-06-16 10:53:00,1
18044,2010-06-18 16:17:00,0
18046,2010-02-28 11:36:00,1
18048,2010-08-03 13:03:00,1
18049,2010-04-28 13:24:00,0
18051,2010-03-15 13:58:00,1
18053,2010-06-30 12:36:00,1
18056,2010-03-31 12:29:00,1
18057,2010-04-14 14:49:00,0
18058,2010-06-16 13:45:00,1
18060,2010-05-24 08:34:00,0
18061,2010-08-26 09:56:00,0
18062,2010-04-21 08:55:00,0
18063,2010-03-16 13:05:00,0
18064,2010-07-25 13:02:00,0
18065,2010-08-18 12:40:00,0
18069,2010-05-30 15:58:00,0
18070,2010-02-08 13:28:00,1
18071,2010-08-25 09:34:00,0
18074,2010-07-22 10:31:00,0
18075,2010-09-08 12:49:00,0
18077,2010-08-25 14:18:00,0
18078,2010-03-21 15:50:00,0
18079,2010-08-05 12:19:00,1
18085,2010-03-21 11:57:00,0
18087,2010-04-14 10:56:00,0
18091,2010-04-25 13:18:00,1
18092,2010-08-17 10:36:00,0
18093,2010-03-31 10:27:00,1
18094,2010-05-09 13:58:00,0
18095,2010-04-19 14:09:00,0
18096,2010-07-20 12:04:00,0
18097,2010-08-23 08:44:00,0
18100,2010-06-07 14:19:00,1
18101,2010-02-03 13:52:00,0
18102,2010-07-16 10:33:00,1
18103,2010-06-08 13:36:00,1
18106,2010-08-20 14:14:00,1
18108,2010-04-22 09:38:00,1
18109,2010-09-03 12:21:00,0
18111,2010-04-29 12:58:00,1
18112,2010-06-06 12:40:00,0
18115,2010-01-11 11:57:00,1
18123,2010-07-14 12:47:00,1
18124,2010-08-24 17:21:00,1
18128,2010-06-20 13:19:00,1
18131,2010-03-18 08:48:00,1
18132,2010-07-23 16:54:00,1
18134,2010-04-20 14:02:00,1
18135,2010-07-12 12:59:00,0
18137,2010-06-06 14:18:00,1
18140,2010-08-23 11:58:00,1
18141,2010-04-29 15:32:00,0
18144,2010-08-25 14:55:00,0
18145,2010-08-11 12:28:00,0
18148,2010-03-03 11:40:00,1
18149,2010-08-29 14:44:00,0
18151,2010-04-15 14:26:00,0
18152,2010-03-03 15:26:00,1
18153,2010-02-18 15:50:00,1
18154,2010-08-06 09:18:00,0
18157,2010-05-17 14:09:00,1
18162,2009-12-07 13:24:00,1
18163,2010-05-04 14:51:00,1
18166,2010-03-26 12:26:00,1
18168,2010-08-12 18:11:00,0
18170,2010-06-18 11:40:00,0
18171,2010-08-26 12:17:00,1
18172,2010-08-29 12:53:00,0
18173,2010-04-06 10:43:00,1
18175,2010-02-02 10:25:00,1
18177,2010-05-28 12:38:00,1
18178,2010-08-04 13:20:00,0
18179,2010-02-14 15:51:00,1
18181,2010-05-27 13:34:00,0
18182,2010-09-02 14:25:00,1
18186,2009-12-17 10:22:00,1
18187,2010-03-18 09:49:00,1
18188,2010-04-22 10:11:00,0
18189,2010-03-24 09:57:00,1
18190,2010-04-15 09:45:00,1
18191,2010-08-19 17:42:00,1
18194,2010-01-28 15:30:00,1
18196,2010-08-25 15:31:00,1
18197,2010-05-13 10:46:00,1
18199,2010-01-25 11:32:00,1
18201,2009-12-17 08:55:00,1
18203,2010-06-07 12:29:00,0
18206,2010-06-04 13:47:00,1
18207,2010-07-28 14:26:00,1
18208,2010-05-23 11:54:00,1
18212,2010-01-31 14:42:00,1
18214,2010-06-27 11:21:00,1
18215,2010-08-18 12:42:00,0
18217,2010-07-14 12:27:00,1
18218,2010-04-22 12:38:00,1
18219,2010-08-03 11:44:00,0
18220,2010-07-30 12:52:00,0
18223,2010-08-23 13:49:00,0
18225,2010-08-23 15:04:00,0
18226,2010-09-08 14:17:00,0
18229,2010-07-27 09:23:00,0
18230,2010-07-02 10:01:00,0
18231,2010-07-26 12:29:00,0
18234,2010-06-06 11:22:00,1
18236,2010-08-15 11:22:00,0
18238,2010-07-12 12:51:00,1
18241,2010-08-18 13:56:00,0
18242,2010-05-27 09:08:00,0
18245,2010-07-26 11:58:00,0
18247,2010-06-08 14:22:00,0
18251,2009-12-22 12:01:00,1
18252,2010-06-09 12:25:00,1
18253,2010-03-07 12:38:00,1
18254,2010-05-07 14:37:00,1
18255,2010-09-09 16:31:00,1
18257,2010-07-27 10:43:00,0
18258,2010-09-01 14:20:00,1
18259,2010-01-28 16:39:00,0
18260,2010-08-22 12:03:00,0
18262,2010-04-16 09:05:00,0
18264,2010-07-29 10:02:00,1
18267,2010-02-05 08:43:00,1
18268,2010-04-27 15:47:00,1
18271,2010-04-09 09:26:00,1
18272,2010-06-09 14:37:00,1
18275,2010-05-10 15:46:00,1
18276,2010-07-08 09:15:00,0
18277,2010-08-02 10:27:00,0
18279,2010-07-08 14:48:00,1
18281,2010-05-11 10:49:00,1
18283,2010-08-19 13:04:00,0
18285,2010-02-17 10:24:00,1
18286,2010-08-20 11:57:00,1
18287,2010-05-17 11:55:00,0
